<?xml version="1.0" encoding="UTF-8"?><CapabilityStatement xmlns="http://hl7.org/fhir"><id value="carin-bb-consumer-app"/><meta><versionId value="4"/><lastUpdated value="2019-12-15T17:55:51.000-05:00"/></meta><text><status value="generated"/><div xmlns="http://www.w3.org/1999/xhtml"><h2 id="title">CARIN BlueButton Consumer App CapabilityStatement</h2><ul><li>Implementation Guide Version: 0.1.43-DRAFT</li><li>FHIR Version: 4.0.1</li><li>Supported formats: xml, json</li><li>Published: 2019-12-04</li><li>Published by HL7 International and CARIN Alliance</li></ul><p><p>This Section describes the expected capabilities of the CARIN Blue Button Consumer App which is responsible for creating and initiating the queries for information about an individual patient. The complete list of FHIR profiles, RESTful operations, and search parameters supported by CARIN Blue Button Servers are defined in the <a href="CapabilityStatement-carin-bb-server.html">Conformance Requirements for Server</a>.CARIN Blue Button Consumer Apps have the option of choosing from this list to access necessary data based on their local use cases and other contextual requirements.</p></p><h3 id="behavior">FHIR RESTful Capabilities</h3><p>The CARIN Blue Button Consumer App <strong>SHALL</strong>:</p><ol><li>Support fetching and querying of one or more CARIN Blue Button profile(s), using the supported RESTful interactions and search parameters declared in the US Core Server CapabilityStatement.</li></ol><p id="security"><strong>Security:</strong></p><ol><li>See the <a href="Authorization,_Authentication,_and_Registration.html">Authorization, Authentication, and Registration</a> section for requirements and recommendations.</li></ol><hr/><br/></div></text><url value="http://hl7.org/fhir/us/carin/CapabilityStatement/carin-bb-consumer-app"/><version value="0.1.57-DRAFT"/><name value="CARIN_BlueButton_Consumer_App_CapabilityStatement"/><title value="CARIN BlueButton Consumer App CapabilityStatement"/><status value="active"/><experimental value="false"/><date value="2019-12-04T00:00:00-05:00"/><publisher value="CARIN Alliance"/><contact><telecom><system value="url"/><value value="https://www.carinalliance.com/about-us/contact-us"/></telecom></contact><description value="The Section describes the expected capabilities of the CARIN Blue Button Consumer App which is responsible for creating and initiating the queries for information about an individual patient. The complete list of FHIR profiles, RESTful operations, and search parameters supported by CARIN Blue Button Servers are defined in the [Conformance Requirements for Server](CapabilityStatement-carin-bb-server.html). CARIN Blue Button Consumer Apps have the option of choosing from this list to access necessary data based on their local use cases and other contextual requirements."/><jurisdiction><coding><system value="urn:iso:std:iso:3166"/><code value="US"/></coding></jurisdiction><kind value="requirements"/><fhirVersion value="4.0.0"/><format value="xml"/><format value="json"/><implementationGuide value="http://hl7.org/fhir/us/carin-bb/ImplementationGuide/carin-bb"/><rest><mode value="client"/><documentation value="The CARIN Blue Button Consumer App **SHALL**:&#xA;&#xA;1. Support fetching and querying of one or more CARIN Blue Button profile(s), using the supported RESTful interactions and search parameters declared in the CARIN Blue Button Server CapabilityStatement"/><security><description value="1. See the [Authorization, Authentication, and Registrations] section for requirements and recommendations."/></security><resource><type value="Patient"/><profile value="http://hl7.org/fhir/us/carin/StructureDefinition/carin-bb-patient"/><interaction><code value="read"/></interaction><referencePolicy value="resolves"/></resource><resource><type value="Coverage"/><profile value="http://hl7.org/fhir/us/carin/StructureDefinition/carin-bb-coverage"/><interaction><code value="search-type"/></interaction><interaction><code value="read"/></interaction><referencePolicy value="resolves"/><searchParam><name value="patient"/><definition value="http://hl7.org/fhir/us/core/SearchParameter/carin-bb-coverage-patient"/><type value="reference"/></searchParam></resource><resource><extension url="http://hl7.org/fhir/StructureDefinition/capabilitystatement-search-parameter-combination"><extension url="http://hl7.org/fhir/StructureDefinition/capabilitystatement-expectation"><valueCode value="SHOULD"/></extension><extension url="required"><valueString value="patient"/></extension><extension url="optional"><valueString value="created"/></extension></extension><type value="ExplanationOfBenefit"/><profile value="http://hl7.org/fhir/us/carin/StructureDefinition/carin-bb-explanationofbenefit"/><interaction><code value="search-type"/></interaction><interaction><code value="read"/></interaction><referencePolicy value="resolves"/><searchParam><name value="patient"/><definition value="http://hl7.org/fhir/us/core/SearchParameter/carin-bb-explanationofbenefit-patient"/><type value="reference"/></searchParam><searchParam><name value="created"/><definition value="http://hl7.org/fhir/us/core/SearchParameter/carin-bb-explanationofbenefit-patient"/><type value="date"/></searchParam></resource><resource><type value="RelatedPerson"/><profile value="http://hl7.org/fhir/us/carin/StructureDefinition/carin-bb-relatedperson"/><interaction><code value="read"/></interaction><referencePolicy value="resolves"/></resource><resource><type value="PractitionerRole"/><profile value="http://hl7.org/fhir/us/carin/StructureDefinition/carin-bb-practitionerrole"/><interaction><code value="read"/></interaction><referencePolicy value="resolves"/></resource><resource><type value="Organization"/><profile value="http://hl7.org/fhir/us/carin/StructureDefinition/carin-bb-organization"/><interaction><code value="read"/></interaction><referencePolicy value="resolves"/></resource><resource><type value="ValueSet"/><operation><name value="expand"/><definition value="http://hl7.org/fhir/OperationDefinition/ValueSet-expand"/><documentation value="A  client can determine the note and report types support by a server by invoking the standard FHIR Value Set Expansion ($expand) operation defined in the FHIR R4 specification. Because servers may support different read and write formats, it also is used to determine the formats (for example, text, pdf) the server supports read and write transactions."/></operation></resource><interaction><code value="search-system"/></interaction></rest></CapabilityStatement>