<?xml version="1.0" encoding="UTF-8"?><CodeSystem xmlns="http://hl7.org/fhir"><id value="CARIN-BB-Network-Contracting-Status"/><meta><versionId value="3"/><lastUpdated value="2019-12-01T14:03:23.000-05:00"/></meta><text><status value="generated"/><div xmlns="http://www.w3.org/1999/xhtml"><h2>CARIN Blue Button Network Contracting Status Code System</h2><p>This code system http://hl7.org/fhir/us/carin/CodeSystem/carin-bb-networkcontractingstatus defines the following codes:</p><table class="codes"><tr><td style="white-space:nowrap"><b>Code</b></td><td><b>Display</b></td><td><b>Definition</b></td></tr><tr><td style="white-space:nowrap">contracted<a name="CARIN-BB-Network-Contracting-Status-contracted"> </a></td><td>contracted</td><td/></tr><tr><td style="white-space:nowrap">non-contracted<a name="CARIN-BB-Network-Contracting-Status-non-contracted"> </a></td><td>non-contracted</td><td/></tr></table></div></text><url value="http://hl7.org/fhir/us/carin/CodeSystem/carin-bb-networkcontractingstatus"/><version value="0.1.43-DRAFT"/><name value="CARINBBNetworkContractingStatus"/><title value="CARIN Blue Button Network Contracting Status Code System"/><status value="draft"/><date value="2019-12-05T06:48:52-05:00"/><publisher value="CARIN Alliance"/><caseSensitive value="true"/><content value="complete"/><concept><code value="contracted"/><display value="contracted"/></concept><concept><code value="non-contracted"/><display value="non-contracted"/></concept></CodeSystem>