<?xml version="1.0" encoding="UTF-8"?><ValueSet xmlns="http://hl7.org/fhir"><id value="CARIN-BB-Adjudication-Category"/><meta><versionId value="4"/><lastUpdated value="2019-07-28T22:34:46.000-04:00"/></meta><text><status value="generated"/><div xmlns="http://www.w3.org/1999/xhtml"><h2>CARIN Blue Button Claim Adjudication Category Value Set</h2><p>This value set includes codes from the following code systems:</p><ul><li>Include these codes as defined in <code>http://hl7.org/fhir/us/carin/CodeSystem/carin-bb-adjudicationCategory</code><table class="none"><tr><td style="white-space:nowrap"><b>Code</b></td><td><b>Display</b></td></tr><tr><td>benefitPaymentStatusCode</td><td>Benefit payment status code</td><td/></tr><tr><td>paymentDenialCode</td><td>Payment denial code</td><td/></tr><tr><td>submittedamount</td><td>submitted amount</td><td/></tr><tr><td>allowedamount</td><td>allowed amount</td><td/></tr><tr><td>deductibleamount</td><td>deductible amount</td><td/></tr><tr><td>coinsuranceamount</td><td>coinsurance amount</td><td/></tr><tr><td>copayamount</td><td>copay amount</td><td/></tr><tr><td>noncoveredamount</td><td>noncovered amount</td><td/></tr><tr><td>cobamount</td><td>cob amount</td><td/></tr><tr><td>paymentamount</td><td>payment amount</td><td/></tr><tr><td>patientpayamount</td><td>patient pay amount</td><td/></tr><tr><td>denialreason</td><td>payment denial reason</td><td/></tr><tr><td>innetworkbenefitpaymentstatus</td><td>in network benefit payment status</td><td/></tr><tr><td>outofnetworkbenefitpaymentstatus</td><td>out of network benefit payment status</td><td/></tr><tr><td>otherbenefitpaymentstatus</td><td>other benefit payment status</td><td/></tr></table></li></ul></div></text><url value="http://hl7.org/fhir/us/carin/ValueSet/carin-bb-adjudicationcategory"/><version value="0.1.35"/><name value="CARINBBAdjudicationCategory"/><title value="CARIN Blue Button Claim Adjudication Category Value Set"/><status value="draft"/><date value="2019-07-30T08:30:19-04:00"/><compose><include><system value="http://hl7.org/fhir/us/carin/CodeSystem/carin-bb-adjudicationCategory"/><concept><code value="benefitPaymentStatusCode"/><display value="Benefit payment status code"/></concept><concept><code value="paymentDenialCode"/><display value="Payment denial code"/></concept><concept><code value="submittedamount"/><display value="submitted amount"/></concept><concept><code value="allowedamount"/><display value="allowed amount"/></concept><concept><code value="deductibleamount"/><display value="deductible amount"/></concept><concept><code value="coinsuranceamount"/><display value="coinsurance amount"/></concept><concept><code value="copayamount"/><display value="copay amount"/></concept><concept><code value="noncoveredamount"/><display value="noncovered amount"/></concept><concept><code value="cobamount"/><display value="cob amount"/></concept><concept><code value="paymentamount"/><display value="payment amount"/></concept><concept><code value="patientpayamount"/><display value="patient pay amount"/></concept><concept><code value="denialreason"/><display value="payment denial reason"/></concept><concept><code value="innetworkbenefitpaymentstatus"/><display value="in network benefit payment status"/></concept><concept><code value="outofnetworkbenefitpaymentstatus"/><display value="out of network benefit payment status"/></concept><concept><code value="otherbenefitpaymentstatus"/><display value="other benefit payment status"/></concept></include></compose></ValueSet>