<?xml version="1.0" encoding="UTF-8"?><ValueSet xmlns="http://hl7.org/fhir"><id value="CARIN-BB-Adjudication-Amount-Category"/><meta><versionId value="3"/><lastUpdated value="2019-07-28T03:02:15.000-04:00"/></meta><text><status value="generated"/><div xmlns="http://www.w3.org/1999/xhtml"><h2>CARIN Blue Button Adjudication Amount Category Value Set</h2><p>This value set includes codes from the following code systems:</p><ul><li>Include these codes as defined in <code>http://hl7.org/fhir/us/carin/CodeSystem/carin-bb-adjudicationCategory</code><table class="none"><tr><td style="white-space:nowrap"><b>Code</b></td><td><b>Display</b></td></tr><tr><td>submittedamount</td><td>submitted amount</td><td/></tr><tr><td>allowedamount</td><td>allowed amount</td><td/></tr><tr><td>deductibleamount</td><td>deductible amount</td><td/></tr><tr><td>coinsuranceamount</td><td>coinsurance amount</td><td/></tr><tr><td>copayamount</td><td>copay amount</td><td/></tr><tr><td>noncoveredamount</td><td>noncovered amount</td><td/></tr><tr><td>cobamount</td><td>cob amount</td><td/></tr><tr><td>paymentamount</td><td>payment amount</td><td/></tr><tr><td>patientpayamount</td><td>patient pay amount</td><td/></tr></table></li></ul></div></text><url value="http://hl7.org/fhir/us/carin/ValueSet/carin-bb-adjudicationamountcategory"/><version value="0.1.32"/><name value="CARINBBAdjudicationAmountCategory"/><title value="CARIN Blue Button Adjudication Amount Category Value Set"/><status value="draft"/><date value="2019-07-28T23:13:21-04:00"/><compose><include><system value="http://hl7.org/fhir/us/carin/CodeSystem/carin-bb-adjudicationCategory"/><concept><code value="submittedamount"/><display value="submitted amount"/></concept><concept><code value="allowedamount"/><display value="allowed amount"/></concept><concept><code value="deductibleamount"/><display value="deductible amount"/></concept><concept><code value="coinsuranceamount"/><display value="coinsurance amount"/></concept><concept><code value="copayamount"/><display value="copay amount"/></concept><concept><code value="noncoveredamount"/><display value="noncovered amount"/></concept><concept><code value="cobamount"/><display value="cob amount"/></concept><concept><code value="paymentamount"/><display value="payment amount"/></concept><concept><code value="patientpayamount"/><display value="patient pay amount"/></concept></include></compose></ValueSet>