<?xml version="1.0" encoding="UTF-8"?><ValueSet xmlns="http://hl7.org/fhir"><id value="CARIN-BB-Network-Contracting-Status"/><meta><versionId value="2"/><lastUpdated value="2019-07-28T06:21:29.000-04:00"/></meta><text><status value="generated"/><div xmlns="http://www.w3.org/1999/xhtml"><h2>CARIN Blue Button Network Contracting Status Value Set</h2><p>This value set includes codes from the following code systems:</p><ul><li>Include these codes as defined in <a href="CodeSystem-CARIN-BB-Network-Contracting-Status.html"><code>http://hl7.org/fhir/us/carin/CodeSystem/carin-bb-networkcontractingstatus</code></a><table class="none"><tr><td style="white-space:nowrap"><b>Code</b></td><td><b>Display</b></td></tr><tr><td>contracted</td><td>contracted</td><td/></tr><tr><td>non-contracted</td><td>non-contracted</td><td/></tr></table></li></ul></div></text><url value="http://hl7.org/fhir/us/carin/ValueSet/carin-bb-networkcontractingstatus"/><version value="0.1.34"/><name value="CARINBBNetworkContractingStatus"/><title value="CARIN Blue Button Network Contracting Status Value Set"/><status value="draft"/><date value="2019-07-30T01:39:13-04:00"/><compose><include><system value="http://hl7.org/fhir/us/carin/CodeSystem/carin-bb-networkcontractingstatus"/><concept><code value="contracted"/><display value="contracted"/></concept><concept><code value="non-contracted"/><display value="non-contracted"/></concept></include></compose></ValueSet>