<?xml version="1.0" encoding="UTF-8"?><ValueSet xmlns="http://hl7.org/fhir"><id value="CARIN-BB-DiagnosisType"/><meta><versionId value="3"/><lastUpdated value="2019-07-27T15:20:51.000-04:00"/></meta><text><status value="generated"/><div xmlns="http://www.w3.org/1999/xhtml"><h2>CARIN Blue Button Diagnosis Type Value Set</h2><p>This value set includes codes from the following code systems:</p><ul><li>Include these codes as defined in <code>http://snomed.info/sct/5991000124107/version/20170901</code><table class="none"><tr><td style="white-space:nowrap"><b>Code</b></td><td><b>Display</b></td></tr><tr><td>principal</td><td>principal</td><td/></tr><tr><td>secondary</td><td>secondary</td><td/></tr><tr><td>patient reason for visit</td><td>patient reason for visit</td><td/></tr><tr><td>external cause of injury</td><td>external cause of injury</td><td/></tr></table></li></ul></div></text><url value="http://hl7.org/fhir/us/carin/ValueSet/carin-bb-diagnosistype"/><version value="0.1.36-DRAFT"/><name value="CARINBBDiagnosisType"/><title value="CARIN Blue Button Diagnosis Type Value Set"/><status value="draft"/><date value="2019-08-13T05:09:16-04:00"/><compose><include><system value="http://snomed.info/sct/5991000124107/version/20170901"/><concept><code value="principal"/><display value="principal"/></concept><concept><code value="secondary"/><display value="secondary"/></concept><concept><code value="patient reason for visit"/><display value="patient reason for visit"/></concept><concept><code value="external cause of injury"/><display value="external cause of injury"/></concept></include></compose></ValueSet>