<?xml version="1.0" encoding="UTF-8"?>

<CodeSystem xmlns="http://hl7.org/fhir">
  <id value="CARIN-BB-Related-Claim-Relationship"/>
  <meta>
    <versionId value="2"/>
    <lastUpdated value="2019-07-27T06:54:34.000-04:00"/>
  </meta>
  <text>
    <status value="generated"/><div xmlns="http://www.w3.org/1999/xhtml"><h2>CARIN Blue Button Related Claim Relationship Code System</h2><p>This code system http://hl7.org/fhir/us/carin/CodeSystem/carin-bb-relatedclaimrelationship defines many codes, but they are not represented here</p></div>
  </text>
  <url value="http://hl7.org/fhir/us/carin/CodeSystem/carin-bb-relatedclaimrelationship"/>
  <version value="0.1.33"/>
  <name value="CARINBBRelatedClaimRelationship"/>
  <title value="CARIN Blue Button Related Claim Relationship Code System"/>
  <status value="draft"/>
  <date value="2019-07-30T01:18:46-04:00"/>
  <publisher value="CARIN Alliance"/>
  <caseSensitive value="true"/>
  <content value="not-present"/>
  <concept>
    <code value="prior"/>
    <display value="Prior claim"/>
  </concept>
  <concept>
    <code value="replaced"/>
    <display value="Replaced claim"/>
  </concept>
</CodeSystem>