<?xml version="1.0" encoding="UTF-8"?>

<ValueSet xmlns="http://hl7.org/fhir">
  <id value="CARIN-BB-Claim-Information-Category"/>
  <meta>
    <versionId value="5"/>
    <lastUpdated value="2019-07-28T05:27:02.000-04:00"/>
  </meta>
  <text>
    <status value="generated"/><div xmlns="http://www.w3.org/1999/xhtml"><h2>CARIN Blue Button Claim Information Category Value Set</h2><p>This value set includes codes from the following code systems:</p><ul><li>Include these codes as defined in <a href="CodeSystem-CARIN-BB-Claim-Information-Category.html"><code>http://hl7.org/fhir/us/carin/CodeSystem/carin-bb-claiminformationcategory</code></a><table class="none"><tr><td style="white-space:nowrap"><b>Code</b></td><td><b>Display</b></td></tr><tr><td><a href="CodeSystem-CARIN-BB-Claim-Information-Category.html#CARIN-BB-Claim-Information-Category-billingnetworkcontractingstatus">billingnetworkcontractingstatus</a></td><td>billingnetworkcontractingstatus</td><td/></tr><tr><td><a href="CodeSystem-CARIN-BB-Claim-Information-Category.html#CARIN-BB-Claim-Information-Category-attendingnetworkcontractingstatus">attendingnetworkcontractingstatus</a></td><td>attendingnetworkcontractingstatus</td><td/></tr><tr><td><a href="CodeSystem-CARIN-BB-Claim-Information-Category.html#CARIN-BB-Claim-Information-Category-sitenetworkcontractingstatus">sitenetworkcontractingstatus</a></td><td>sitenetworkcontractingstatus</td><td/></tr><tr><td><a href="CodeSystem-CARIN-BB-Claim-Information-Category.html#CARIN-BB-Claim-Information-Category-referringnetworkcontractingstatus">referringnetworkcontractingstatus</a></td><td>referringnetworkcontractingstatus</td><td/></tr><tr><td><a href="CodeSystem-CARIN-BB-Claim-Information-Category.html#CARIN-BB-Claim-Information-Category-performingnetworkcontractingstatus">performingnetworkcontractingstatus</a></td><td>performingnetworkcontractingstatus</td><td/></tr><tr><td><a href="CodeSystem-CARIN-BB-Claim-Information-Category.html#CARIN-BB-Claim-Information-Category-prescribingnetworkcontractingstatus">prescribingnetworkcontractingstatus</a></td><td>prescribingnetworkcontractingstatus</td><td/></tr><tr><td><a href="CodeSystem-CARIN-BB-Claim-Information-Category.html#CARIN-BB-Claim-Information-Category-clmrecvddate">clmrecvddate</a></td><td>clmrecvddate</td><td/></tr><tr><td><a href="CodeSystem-CARIN-BB-Claim-Information-Category.html#CARIN-BB-Claim-Information-Category-typeofservice">typeofservice</a></td><td>typeofservice</td><td/></tr><tr><td><a href="CodeSystem-CARIN-BB-Claim-Information-Category.html#CARIN-BB-Claim-Information-Category-tob-typeoffacility">tob-typeoffacility</a></td><td>tob-typeoffacility</td><td/></tr><tr><td><a href="CodeSystem-CARIN-BB-Claim-Information-Category.html#CARIN-BB-Claim-Information-Category-tob-billclassification">tob-billclassification</a></td><td>tob-billclassification</td><td/></tr><tr><td><a href="CodeSystem-CARIN-BB-Claim-Information-Category.html#CARIN-BB-Claim-Information-Category-tob-frequency">tob-frequency</a></td><td>tob-frequency</td><td/></tr><tr><td><a href="CodeSystem-CARIN-BB-Claim-Information-Category.html#CARIN-BB-Claim-Information-Category-admsrc">admsrc</a></td><td>admsrc</td><td/></tr><tr><td><a href="CodeSystem-CARIN-BB-Claim-Information-Category.html#CARIN-BB-Claim-Information-Category-admtype">admtype</a></td><td>admtype</td><td/></tr><tr><td><a href="CodeSystem-CARIN-BB-Claim-Information-Category.html#CARIN-BB-Claim-Information-Category-discharge-status">discharge-status</a></td><td>discharge-status</td><td/></tr><tr><td><a href="CodeSystem-CARIN-BB-Claim-Information-Category.html#CARIN-BB-Claim-Information-Category-ms-drg">ms-drg</a></td><td>ms-drg</td><td/></tr><tr><td><a href="CodeSystem-CARIN-BB-Claim-Information-Category.html#CARIN-BB-Claim-Information-Category-placeofservice">placeofservice</a></td><td>placeofservice</td><td/></tr><tr><td><a href="CodeSystem-CARIN-BB-Claim-Information-Category.html#CARIN-BB-Claim-Information-Category-dayssupply">dayssupply</a></td><td>dayssupply</td><td/></tr><tr><td><a href="CodeSystem-CARIN-BB-Claim-Information-Category.html#CARIN-BB-Claim-Information-Category-dawcode">dawcode</a></td><td>dawcode</td><td/></tr><tr><td><a href="CodeSystem-CARIN-BB-Claim-Information-Category.html#CARIN-BB-Claim-Information-Category-refillnum">refillnum</a></td><td>refillnum</td><td/></tr><tr><td><a href="CodeSystem-CARIN-BB-Claim-Information-Category.html#CARIN-BB-Claim-Information-Category-rxorigincode">rxorigincode</a></td><td>rxorigincode</td><td/></tr><tr><td><a href="CodeSystem-CARIN-BB-Claim-Information-Category.html#CARIN-BB-Claim-Information-Category-brandgenericcode">brandgenericcode</a></td><td>brandgenericcode</td><td/></tr></table></li></ul></div>
  </text>
  <url value="http://hl7.org/fhir/us/carin/ValueSet/carin-bb-claiminformationcategory"/>
  <version value="0.1.42-DRAFT"/>
  <name value="CARINBBClaimInformationCategory"/>
  <title value="CARIN Blue Button Claim Information Category Value Set"/>
  <status value="draft"/>
  <date value="2019-12-02T04:50:03-05:00"/>
  <compose>
    <include>
      <system value="http://hl7.org/fhir/us/carin/CodeSystem/carin-bb-claiminformationcategory"/>
      <concept>
        <code value="billingnetworkcontractingstatus"/>
        <display value="billingnetworkcontractingstatus"/>
      </concept>
      <concept>
        <code value="attendingnetworkcontractingstatus"/>
        <display value="attendingnetworkcontractingstatus"/>
      </concept>
      <concept>
        <code value="sitenetworkcontractingstatus"/>
        <display value="sitenetworkcontractingstatus"/>
      </concept>
      <concept>
        <code value="referringnetworkcontractingstatus"/>
        <display value="referringnetworkcontractingstatus"/>
      </concept>
      <concept>
        <code value="performingnetworkcontractingstatus"/>
        <display value="performingnetworkcontractingstatus"/>
      </concept>
      <concept>
        <code value="prescribingnetworkcontractingstatus"/>
        <display value="prescribingnetworkcontractingstatus"/>
      </concept>
      <concept>
        <code value="clmrecvddate"/>
        <display value="clmrecvddate"/>
      </concept>
      <concept>
        <code value="typeofservice"/>
        <display value="typeofservice"/>
      </concept>
      <concept>
        <code value="tob-typeoffacility"/>
        <display value="tob-typeoffacility"/>
      </concept>
      <concept>
        <code value="tob-billclassification"/>
        <display value="tob-billclassification"/>
      </concept>
      <concept>
        <code value="tob-frequency"/>
        <display value="tob-frequency"/>
      </concept>
      <concept>
        <code value="admsrc"/>
        <display value="admsrc"/>
      </concept>
      <concept>
        <code value="admtype"/>
        <display value="admtype"/>
      </concept>
      <concept>
        <code value="discharge-status"/>
        <display value="discharge-status"/>
      </concept>
      <concept>
        <code value="ms-drg"/>
        <display value="ms-drg"/>
      </concept>
      <concept>
        <code value="placeofservice"/>
        <display value="placeofservice"/>
      </concept>
      <concept>
        <code value="dayssupply"/>
        <display value="dayssupply"/>
      </concept>
      <concept>
        <code value="dawcode"/>
        <display value="dawcode"/>
      </concept>
      <concept>
        <code value="refillnum"/>
        <display value="refillnum"/>
      </concept>
      <concept>
        <code value="rxorigincode"/>
        <display value="rxorigincode"/>
      </concept>
      <concept>
        <code value="brandgenericcode"/>
        <display value="brandgenericcode"/>
      </concept>
    </include>
  </compose>
</ValueSet>