<?xml version="1.0" encoding="UTF-8"?>

<ValueSet xmlns="http://hl7.org/fhir">
  <id value="CARIN-BB-MS-DRG"/>
  <meta>
    <versionId value="5"/>
    <lastUpdated value="2019-11-25T19:31:02.000-05:00"/>
  </meta>
  <text>
    <status value="generated"/><div xmlns="http://www.w3.org/1999/xhtml"><h2>CARIN Blue Button MS-DRG Value Set</h2><div><p>This is the description for the MS-DRG value set.</p>
</div><p><b>Copyright Statement:</b> The content of this value set is copyrighted by a party other than HL7</p><p>This value set includes codes from the following code systems:</p><ul><li>Include all codes defined in <code>https://www.cms.gov/Medicare/Medicare-Fee-for-Service-Payment/AcuteInpatientPPS/MS-DRG-Classifications-and-Software.html</code></li></ul></div>
  </text>
  <url value="http://hl7.org/fhir/us/carin/ValueSet/carin-bb-ms-drg"/>
  <version value="0.1.43-DRAFT"/>
  <name value="CARINBBMSDRG"/>
  <title value="CARIN Blue Button MS-DRG Value Set"/>
  <status value="draft"/>
  <date value="2019-12-08T06:42:37-05:00"/>
  <description value="This is the description for the MS-DRG value set."/>
  <purpose value="This is the purpose of this value set."/>
  <copyright value="The content of this value set is copyrighted by a party other than HL7"/>
  <compose>
    <include>
      <system value="https://www.cms.gov/Medicare/Medicare-Fee-for-Service-Payment/AcuteInpatientPPS/MS-DRG-Classifications-and-Software.html"/>
    </include>
  </compose>
</ValueSet>