<?xml version="1.0" encoding="UTF-8"?>

<ValueSet xmlns="http://hl7.org/fhir">
  <id value="CARIN-BB-PlaceOfService"/>
  <meta>
    <versionId value="4"/>
    <lastUpdated value="2019-07-28T18:42:06.000-04:00"/>
  </meta>
  <text>
    <status value="generated"/><div xmlns="http://www.w3.org/1999/xhtml"><h2>CARIN Blue Button Place Of Service Codes For Professional Claims Value Set</h2><div><p>Place of Service Codes for Professional Claims</p>
</div><p>This value set includes codes from the following code systems:</p><ul><li>Include all codes defined in <code>https://www.cms.gov/Medicare/Coding/place-of-service-codes/Place_of_Service_Code_Set.html</code></li></ul></div>
  </text>
  <url value="http://hl7.org/fhir/us/carin/ValueSet/carin-bb-placeofservice"/>
  <version value="0.1.42-DRAFT"/>
  <name value="CARINBBPlaceOfService"/>
  <title value="CARIN Blue Button Place Of Service Codes For Professional Claims Value Set"/>
  <status value="draft"/>
  <date value="2019-12-02T04:50:03-05:00"/>
  <description value="Place of Service Codes for Professional Claims"/>
  <compose>
    <include>
      <system value="https://www.cms.gov/Medicare/Coding/place-of-service-codes/Place_of_Service_Code_Set.html"/>
    </include>
  </compose>
</ValueSet>