{"resourceType":"ValueSet","id":"CARIN-BB-Adjudication-Denial-Reason","meta":{"versionId":"5","lastUpdated":"2019-07-27T18:01:06.000-04:00"},"text":{"status":"generated","div":"<div xmlns=\"http://www.w3.org/1999/xhtml\"><h2>CARIN Blue Button Adjudication Denial Reason Value Set</h2><div><p>Code Lists\nASC X12 assists several organizations in the maintenance and distribution of code lists external to the X12 family of standards. The lists are maintained by the Centers for Medicare and Medicaid Services (CMS), The National Uniform Claim Committee (NUCC), and committees that meet during standing X12 meetings.</p>\n<p>Health Care Code Lists</p>\n<p>&gt; Claim Adjustment Reason Codes (CARC) - http://www.wpc-edi.com/reference/codelists/healthcare/claim-adjustment-reason-codes</p>\n<p>&gt; Remittance Advice Remark Codes (RARC) - http://www.wpc-edi.com/reference/codelists/healthcare/remittance-advice-remark-codes</p>\n</div><p>This value set includes codes from the following code systems:</p><ul><li>Include all codes defined in <code>http://www.wpc-edi.com/reference/codelists/healthcare/claim-adjustment-reason-codes</code></li><li>Include all codes defined in <code>http://www.wpc-edi.com/reference/codelists/healthcare/remittance-advice-remark-codes</code></li></ul></div>"},"url":"http://hl7.org/fhir/us/carin/ValueSet/carin-bb-adjudicationdenialreason","version":"0.1.60-DRAFT","name":"CARINBBAdjudicationDenialReason","title":"CARIN Blue Button Adjudication Denial Reason Value Set","status":"draft","date":"2019-12-19T16:49:00-05:00","description":"\nCode Lists\nASC X12 assists several organizations in the maintenance and distribution of code lists external to the X12 family of standards. The lists are maintained by the Centers for Medicare and Medicaid Services (CMS), The National Uniform Claim Committee (NUCC), and committees that meet during standing X12 meetings.\n\nHealth Care Code Lists\n\n> Claim Adjustment Reason Codes (CARC) - http://www.wpc-edi.com/reference/codelists/healthcare/claim-adjustment-reason-codes\n\n> Remittance Advice Remark Codes (RARC) - http://www.wpc-edi.com/reference/codelists/healthcare/remittance-advice-remark-codes","compose":{"include":[{"system":"http://www.wpc-edi.com/reference/codelists/healthcare/claim-adjustment-reason-codes"},{"system":"http://www.wpc-edi.com/reference/codelists/healthcare/remittance-advice-remark-codes"}]}}