{"resourceType":"ValueSet","id":"CARIN-BB-Claim-Information-Category","meta":{"versionId":"5","lastUpdated":"2019-07-28T05:27:02.000-04:00"},"text":{"status":"generated","div":"<div xmlns=\"http://www.w3.org/1999/xhtml\"><h2>CARIN Blue Button Claim Information Category Value Set</h2><p>This value set includes codes from the following code systems:</p><ul><li>Include these codes as defined in <a href=\"CodeSystem-CARIN-BB-Claim-Information-Category.html\"><code>http://hl7.org/fhir/us/carin/CodeSystem/carin-bb-claiminformationcategory</code></a><table class=\"none\"><tr><td style=\"white-space:nowrap\"><b>Code</b></td><td><b>Display</b></td></tr><tr><td><a href=\"CodeSystem-CARIN-BB-Claim-Information-Category.html#CARIN-BB-Claim-Information-Category-billingnetworkcontractingstatus\">billingnetworkcontractingstatus</a></td><td>billingnetworkcontractingstatus</td><td/></tr><tr><td><a href=\"CodeSystem-CARIN-BB-Claim-Information-Category.html#CARIN-BB-Claim-Information-Category-attendingnetworkcontractingstatus\">attendingnetworkcontractingstatus</a></td><td>attendingnetworkcontractingstatus</td><td/></tr><tr><td><a href=\"CodeSystem-CARIN-BB-Claim-Information-Category.html#CARIN-BB-Claim-Information-Category-sitenetworkcontractingstatus\">sitenetworkcontractingstatus</a></td><td>sitenetworkcontractingstatus</td><td/></tr><tr><td><a href=\"CodeSystem-CARIN-BB-Claim-Information-Category.html#CARIN-BB-Claim-Information-Category-referringnetworkcontractingstatus\">referringnetworkcontractingstatus</a></td><td>referringnetworkcontractingstatus</td><td/></tr><tr><td><a href=\"CodeSystem-CARIN-BB-Claim-Information-Category.html#CARIN-BB-Claim-Information-Category-performingnetworkcontractingstatus\">performingnetworkcontractingstatus</a></td><td>performingnetworkcontractingstatus</td><td/></tr><tr><td><a href=\"CodeSystem-CARIN-BB-Claim-Information-Category.html#CARIN-BB-Claim-Information-Category-prescribingnetworkcontractingstatus\">prescribingnetworkcontractingstatus</a></td><td>prescribingnetworkcontractingstatus</td><td/></tr><tr><td><a href=\"CodeSystem-CARIN-BB-Claim-Information-Category.html#CARIN-BB-Claim-Information-Category-clmrecvddate\">clmrecvddate</a></td><td>clmrecvddate</td><td/></tr><tr><td><a href=\"CodeSystem-CARIN-BB-Claim-Information-Category.html#CARIN-BB-Claim-Information-Category-typeofservice\">typeofservice</a></td><td>typeofservice</td><td/></tr><tr><td><a href=\"CodeSystem-CARIN-BB-Claim-Information-Category.html#CARIN-BB-Claim-Information-Category-tob-typeoffacility\">tob-typeoffacility</a></td><td>tob-typeoffacility</td><td/></tr><tr><td><a href=\"CodeSystem-CARIN-BB-Claim-Information-Category.html#CARIN-BB-Claim-Information-Category-tob-billclassification\">tob-billclassification</a></td><td>tob-billclassification</td><td/></tr><tr><td><a href=\"CodeSystem-CARIN-BB-Claim-Information-Category.html#CARIN-BB-Claim-Information-Category-tob-frequency\">tob-frequency</a></td><td>tob-frequency</td><td/></tr><tr><td><a href=\"CodeSystem-CARIN-BB-Claim-Information-Category.html#CARIN-BB-Claim-Information-Category-admsrc\">admsrc</a></td><td>admsrc</td><td/></tr><tr><td><a href=\"CodeSystem-CARIN-BB-Claim-Information-Category.html#CARIN-BB-Claim-Information-Category-admtype\">admtype</a></td><td>admtype</td><td/></tr><tr><td><a href=\"CodeSystem-CARIN-BB-Claim-Information-Category.html#CARIN-BB-Claim-Information-Category-discharge-status\">discharge-status</a></td><td>discharge-status</td><td/></tr><tr><td><a href=\"CodeSystem-CARIN-BB-Claim-Information-Category.html#CARIN-BB-Claim-Information-Category-ms-drg\">ms-drg</a></td><td>ms-drg</td><td/></tr><tr><td><a href=\"CodeSystem-CARIN-BB-Claim-Information-Category.html#CARIN-BB-Claim-Information-Category-placeofservice\">placeofservice</a></td><td>placeofservice</td><td/></tr><tr><td><a href=\"CodeSystem-CARIN-BB-Claim-Information-Category.html#CARIN-BB-Claim-Information-Category-dayssupply\">dayssupply</a></td><td>dayssupply</td><td/></tr><tr><td><a href=\"CodeSystem-CARIN-BB-Claim-Information-Category.html#CARIN-BB-Claim-Information-Category-dawcode\">dawcode</a></td><td>dawcode</td><td/></tr><tr><td><a href=\"CodeSystem-CARIN-BB-Claim-Information-Category.html#CARIN-BB-Claim-Information-Category-refillnum\">refillnum</a></td><td>refillnum</td><td/></tr><tr><td><a href=\"CodeSystem-CARIN-BB-Claim-Information-Category.html#CARIN-BB-Claim-Information-Category-rxorigincode\">rxorigincode</a></td><td>rxorigincode</td><td/></tr><tr><td><a href=\"CodeSystem-CARIN-BB-Claim-Information-Category.html#CARIN-BB-Claim-Information-Category-brandgenericcode\">brandgenericcode</a></td><td>brandgenericcode</td><td/></tr></table></li></ul></div>"},"url":"http://hl7.org/fhir/us/carin/ValueSet/carin-bb-claiminformationcategory","version":"0.1.42-DRAFT","name":"CARINBBClaimInformationCategory","title":"CARIN Blue Button Claim Information Category Value Set","status":"draft","date":"2019-12-02T07:37:06-05:00","compose":{"include":[{"system":"http://hl7.org/fhir/us/carin/CodeSystem/carin-bb-claiminformationcategory","concept":[{"code":"billingnetworkcontractingstatus","display":"billingnetworkcontractingstatus"},{"code":"attendingnetworkcontractingstatus","display":"attendingnetworkcontractingstatus"},{"code":"sitenetworkcontractingstatus","display":"sitenetworkcontractingstatus"},{"code":"referringnetworkcontractingstatus","display":"referringnetworkcontractingstatus"},{"code":"performingnetworkcontractingstatus","display":"performingnetworkcontractingstatus"},{"code":"prescribingnetworkcontractingstatus","display":"prescribingnetworkcontractingstatus"},{"code":"clmrecvddate","display":"clmrecvddate"},{"code":"typeofservice","display":"typeofservice"},{"code":"tob-typeoffacility","display":"tob-typeoffacility"},{"code":"tob-billclassification","display":"tob-billclassification"},{"code":"tob-frequency","display":"tob-frequency"},{"code":"admsrc","display":"admsrc"},{"code":"admtype","display":"admtype"},{"code":"discharge-status","display":"discharge-status"},{"code":"ms-drg","display":"ms-drg"},{"code":"placeofservice","display":"placeofservice"},{"code":"dayssupply","display":"dayssupply"},{"code":"dawcode","display":"dawcode"},{"code":"refillnum","display":"refillnum"},{"code":"rxorigincode","display":"rxorigincode"},{"code":"brandgenericcode","display":"brandgenericcode"}]}]}}