{"resourceType":"ValueSet","id":"CARIN-BB-HCPCS-ModifierCodes","meta":{"versionId":"3","lastUpdated":"2019-07-28T19:07:07.000-04:00"},"text":{"status":"generated","div":"<div xmlns=\"http://www.w3.org/1999/xhtml\"><h2>CARIN Blue Button HCPCS Modifier Codes Value Set</h2><div><p>HCPCS Release &amp; Code Sets\nThis file contains the Level II alphanumeric HCPCS procedure and modifier codes, their long and short descriptions, and applicable Medicare administrative, coverage, and pricing data.  The Level II HCPCS codes, which are established by CMS's Alpha-Numeric Editorial Panel, primarily represent items and supplies and non-physician services not covered by the American Medical Association's Current Procedural Terminology-4 (CPT-4) codes; Medicare, Medicaid, and private health insurers use HCPCS procedure and modifier codes for claims processing.  Level II alphanumeric procedure and modifier codes comprise the A to V range.</p>\n</div><p>This value set includes codes from the following code systems:</p><ul><li>Include all codes defined in <code>https://www.cms.gov/Medicare/Coding/HCPCSReleaseCodeSets/Alpha-Numeric-HCPCS.html</code></li></ul></div>"},"url":"http://hl7.org/fhir/us/carin/ValueSet/carin-bb-hcpcs-modifiercodes","version":"0.1.32","name":"CARINBBHCPCSModifierCodes","title":"CARIN Blue Button HCPCS Modifier Codes Value Set","status":"draft","date":"2019-07-28T23:13:21-04:00","description":"HCPCS Release & Code Sets\nThis file contains the Level II alphanumeric HCPCS procedure and modifier codes, their long and short descriptions, and applicable Medicare administrative, coverage, and pricing data.  The Level II HCPCS codes, which are established by CMS's Alpha-Numeric Editorial Panel, primarily represent items and supplies and non-physician services not covered by the American Medical Association's Current Procedural Terminology-4 (CPT-4) codes; Medicare, Medicaid, and private health insurers use HCPCS procedure and modifier codes for claims processing.  Level II alphanumeric procedure and modifier codes comprise the A to V range.","compose":{"include":[{"system":"https://www.cms.gov/Medicare/Coding/HCPCSReleaseCodeSets/Alpha-Numeric-HCPCS.html"}]}}