{"resourceType":"ValueSet","id":"CARIN-BB-Revenue-Center","meta":{"versionId":"3","lastUpdated":"2019-07-28T07:01:28.000-04:00"},"text":{"status":"generated","div":"<div xmlns=\"http://www.w3.org/1999/xhtml\"><h2>CARIN Blue Button Revenue Center Value Set</h2><div><p>UB-04 Revenue Code (FL-42), Revenue Description (FL-43)</p>\n</div><p>This value set includes codes from the following code systems:</p><ul><li>Include all codes defined in <code>https://www.cms.gov/Medicare/CMS-Forms/CMS-Forms/CMS-Forms-Items/CMS1196256.html</code></li></ul></div>"},"url":"http://hl7.org/fhir/us/carin/ValueSet/carin-bb-revenue-center","version":"0.1.42-DRAFT","name":"CARINBBRevenueCenter","title":"CARIN Blue Button Revenue Center Value Set","status":"draft","date":"2019-12-02T04:50:03-05:00","description":"UB-04 Revenue Code (FL-42), Revenue Description (FL-43)","compose":{"include":[{"system":"https://www.cms.gov/Medicare/CMS-Forms/CMS-Forms/CMS-Forms-Items/CMS1196256.html"}]}}