﻿{
  "openapi": "3.0.2",
  "info": {
    "title": "CARIN Blue Button Server CapabilityStatement",
    "description": "This Section describes the expected capabilities of the CARIN Blue Button Server actor which is responsible for providing responses to the queries submitted by the CARIN Blue Button Requestors. The complete list of FHIR profiles, RESTful operations, and search parameters supported by CARIN Blue Button Servers are defined.",
    "license": {
      "name": "Creative Commons Zero v1.0 Universal",
      "url": "http://spdx.org/licenses/CC0-1.0.html"
    },
    "version": "0.1.43-DRAFT",
    "contact": {
      "name": "HL7 International \u0026 CARIN Alliance"
    }
  },
  "externalDocs": {
    "url": "http://hl7.org/fhir/us/carin/CapabilityStatement/carin-bb-server",
    "description": "FHIR CapabilityStatement"
  },
  "paths": {
    "/metadata": {
      "summary": "Access to the Server\u0027s Capability Statement",
      "description": "All FHIR Servers return a CapabilityStatement that describes what services they perform",
      "get": {
        "summary": "Return the server\u0027s capability statement",
        "operationId": "metadata",
        "responses": {
          "default": {
            "description": "Error, with details",
            "content": {
              "application/fhir+json": {
                "schema": {
                  "$ref": "https://build.fhir.org/fhir.schema.json#/definitions/OperationOutcome"
                }
              },
              "application/fhir+xml": {
                "schema": {
                  "$ref": "https://build.fhir.org/OperationOutcome.xsd"
                }
              }
            }
          },
          "200": {
            "description": "the capbility statement",
            "content": {
              "application/fhir+json": {
                "schema": {
                  "$ref": "https://build.fhir.org/fhir.schema.json#/definitions/CapabilityStatement"
                }
              },
              "application/fhir+xml": {
                "schema": {
                  "$ref": "https://build.fhir.org/CapabilityStatement.xsd"
                }
              }
            }
          }
        },
        "parameters": [
          {
            "$ref": "#/components/parameters/format"
          },
          {
            "$ref": "#/components/parameters/pretty"
          },
          {
            "$ref": "#/components/parameters/summary"
          },
          {
            "$ref": "#/components/parameters/elements"
          }
        ]
      }
    },
    "/Patient": {
      "summary": "manage the collection of resources of type Patient",
      "description": "Access to services to manage the collection of all resources of type Patient",
      "get": {
        "summary": "Search all resources of type Patient based on a set of criteria",
        "operationId": "searchPatient",
        "responses": {
          "default": {
            "description": "Error, with details",
            "content": {
              "application/fhir+json": {
                "schema": {
                  "$ref": "https://build.fhir.org/fhir.schema.json#/definitions/OperationOutcome"
                }
              },
              "application/fhir+xml": {
                "schema": {
                  "$ref": "https://build.fhir.org/OperationOutcome.xsd"
                }
              }
            }
          },
          "200": {
            "description": "the resource being returned",
            "content": {
              "application/fhir+json": {
                "schema": {
                  "$ref": "https://build.fhir.org/fhir.schema.json#/definitions/Bundle"
                }
              },
              "application/fhir+xml": {
                "schema": {
                  "$ref": "https://build.fhir.org/Bundle.xsd"
                }
              }
            }
          }
        },
        "parameters": [
          {
            "$ref": "#/components/parameters/format"
          },
          {
            "$ref": "#/components/parameters/pretty"
          },
          {
            "$ref": "#/components/parameters/summary"
          },
          {
            "$ref": "#/components/parameters/elements"
          },
          {
            "name": "_id",
            "in": "query",
            "schema": {
              "type": "string"
            },
            "description": "Logical id of this artifact\u003cbr /\u003e\n\u003cem\u003eNOTE\u003c/em\u003e: This US Core SearchParameter definition extends the usage context of\n\u003ca href\u003d\"http://hl7.org/fhir/R4/extension-capabilitystatement-expectation.html\"\u003ecapabilitystatement-expectation\u003c/a\u003e\n extension to formally express implementer expectations for these elements:\u003cbr /\u003e\n - multipleAnd\u003cbr /\u003e\n - multipleOr\u003cbr /\u003e\n - modifier\u003cbr /\u003e\n - comparator\u003cbr /\u003e\n - chain\u003cbr /\u003e\n "
          },
          {
            "name": "identifier",
            "in": "query",
            "schema": {
              "type": "string"
            },
            "description": "A patient identifier\u003cbr /\u003e\n\u003cem\u003eNOTE\u003c/em\u003e: This US Core SearchParameter definition extends the usage context of\n\u003ca href\u003d\"http://hl7.org/fhir/R4/extension-capabilitystatement-expectation.html\"\u003ecapabilitystatement-expectation\u003c/a\u003e\n extension to formally express implementer expectations for these elements:\u003cbr /\u003e\n - multipleAnd\u003cbr /\u003e\n - multipleOr\u003cbr /\u003e\n - modifier\u003cbr /\u003e\n - comparator\u003cbr /\u003e\n - chain\u003cbr /\u003e\n "
          },
          {
            "name": "birthdate",
            "in": "query",
            "schema": {
              "type": "string",
              "pattern": "([0-9]([0-9]([0-9][1-9]|[1-9]0)|[1-9]00)|[1-9]000)(-(0[1-9]|1[0-2])(-(0[1-9]|[1-2][0-9]|3[0-1])(T([01][0-9]|2[0-3]):[0-5][0-9]:([0-5][0-9]|60)(\\.[0-9]+)?(Z|(\\+|-)((0[0-9]|1[0-3]):[0-5][0-9]|14:00)))?)?)?"
            },
            "description": "The patient\u0027s date of birth\u003cbr /\u003e\n\u003cem\u003eNOTE\u003c/em\u003e: This US Core SearchParameter definition extends the usage context of\n\u003ca href\u003d\"http://hl7.org/fhir/R4/extension-capabilitystatement-expectation.html\"\u003ecapabilitystatement-expectation\u003c/a\u003e\n extension to formally express implementer expectations for these elements:\u003cbr /\u003e\n - multipleAnd\u003cbr /\u003e\n - multipleOr\u003cbr /\u003e\n - modifier\u003cbr /\u003e\n - comparator\u003cbr /\u003e\n - chain\u003cbr /\u003e\n "
          },
          {
            "name": "family",
            "in": "query",
            "schema": {
              "type": "string"
            },
            "description": "A portion of the family name of the patient\u003cbr /\u003e\n\u003cem\u003eNOTE\u003c/em\u003e: This US Core SearchParameter definition extends the usage context of\n\u003ca href\u003d\"http://hl7.org/fhir/R4/extension-capabilitystatement-expectation.html\"\u003ecapabilitystatement-expectation\u003c/a\u003e\n extension to formally express implementer expectations for these elements:\u003cbr /\u003e\n - multipleAnd\u003cbr /\u003e\n - multipleOr\u003cbr /\u003e\n - modifier\u003cbr /\u003e\n - comparator\u003cbr /\u003e\n - chain\u003cbr /\u003e\n "
          },
          {
            "name": "gender",
            "in": "query",
            "schema": {
              "type": "string"
            },
            "description": "Gender of the patient\u003cbr /\u003e\n\u003cem\u003eNOTE\u003c/em\u003e: This US Core SearchParameter definition extends the usage context of\n\u003ca href\u003d\"http://hl7.org/fhir/R4/extension-capabilitystatement-expectation.html\"\u003ecapabilitystatement-expectation\u003c/a\u003e\n extension to formally express implementer expectations for these elements:\u003cbr /\u003e\n - multipleAnd\u003cbr /\u003e\n - multipleOr\u003cbr /\u003e\n - modifier\u003cbr /\u003e\n - comparator\u003cbr /\u003e\n - chain\u003cbr /\u003e\n "
          },
          {
            "name": "given",
            "in": "query",
            "schema": {
              "type": "string"
            },
            "description": "A portion of the given name of the patient\u003cbr /\u003e\n\u003cem\u003eNOTE\u003c/em\u003e: This US Core SearchParameter definition extends the usage context of\n\u003ca href\u003d\"http://hl7.org/fhir/R4/extension-capabilitystatement-expectation.html\"\u003ecapabilitystatement-expectation\u003c/a\u003e\n extension to formally express implementer expectations for these elements:\u003cbr /\u003e\n - multipleAnd\u003cbr /\u003e\n - multipleOr\u003cbr /\u003e\n - modifier\u003cbr /\u003e\n - comparator\u003cbr /\u003e\n - chain\u003cbr /\u003e\n "
          },
          {
            "name": "name",
            "in": "query",
            "schema": {
              "type": "string"
            },
            "description": "A server defined search that may match any of the string fields in the HumanName, including family, give, prefix, suffix, suffix, and/or text\u003cbr /\u003e\n\u003cem\u003eNOTE\u003c/em\u003e: This US Core SearchParameter definition extends the usage context of\n\u003ca href\u003d\"http://hl7.org/fhir/R4/extension-capabilitystatement-expectation.html\"\u003ecapabilitystatement-expectation\u003c/a\u003e\n extension to formally express implementer expectations for these elements:\u003cbr /\u003e\n - multipleAnd\u003cbr /\u003e\n - multipleOr\u003cbr /\u003e\n - modifier\u003cbr /\u003e\n - comparator\u003cbr /\u003e\n - chain\u003cbr /\u003e\n "
          }
        ]
      }
    },
    "/Patient/{rid}": {
      "summary": "Read/Write/etc resource instance of type Patient",
      "description": "Access to services to manage the state of a single resource of type Patient",
      "get": {
        "summary": "Read the current state of the resource",
        "operationId": "readPatient",
        "responses": {
          "default": {
            "description": "Error, with details",
            "content": {
              "application/fhir+json": {
                "schema": {
                  "$ref": "https://build.fhir.org/fhir.schema.json#/definitions/OperationOutcome"
                }
              },
              "application/fhir+xml": {
                "schema": {
                  "$ref": "https://build.fhir.org/OperationOutcome.xsd"
                }
              }
            }
          },
          "200": {
            "description": "the resource being returned",
            "headers": {
              "ETag": {
                "description": "Version from Resource.meta.version as a weak ETag",
                "schema": {
                  "type": "string"
                }
              }
            },
            "content": {
              "application/fhir+json": {
                "schema": {
                  "$ref": "https://build.fhir.org/fhir.schema.json#/definitions/Patient"
                }
              },
              "application/fhir+xml": {
                "schema": {
                  "$ref": "https://build.fhir.org/Patient.xsd"
                }
              }
            }
          }
        },
        "parameters": [
          {
            "$ref": "#/components/parameters/rid"
          },
          {
            "$ref": "#/components/parameters/summary"
          },
          {
            "$ref": "#/components/parameters/format"
          },
          {
            "$ref": "#/components/parameters/pretty"
          },
          {
            "$ref": "#/components/parameters/elements"
          }
        ]
      }
    },
    "/Patient/{rid}/_history/{hid}": {
      "summary": "Read a past version of resource instance of type Patient",
      "description": "Access a to specified previous version of a single resource of type Patient",
      "get": {
        "summary": "Read a past state of the resource",
        "operationId": "vreadPatient",
        "responses": {
          "default": {
            "description": "Error, with details",
            "content": {
              "application/fhir+json": {
                "schema": {
                  "$ref": "https://build.fhir.org/fhir.schema.json#/definitions/OperationOutcome"
                }
              },
              "application/fhir+xml": {
                "schema": {
                  "$ref": "https://build.fhir.org/OperationOutcome.xsd"
                }
              }
            }
          },
          "200": {
            "description": "the resource being returned",
            "headers": {
              "ETag": {
                "description": "Version from Resource.meta.version as a weak ETag for that version",
                "schema": {
                  "type": "string"
                }
              }
            },
            "content": {
              "application/fhir+json": {
                "schema": {
                  "$ref": "https://build.fhir.org/fhir.schema.json#/definitions/Patient"
                }
              },
              "application/fhir+xml": {
                "schema": {
                  "$ref": "https://build.fhir.org/Patient.xsd"
                }
              }
            }
          }
        },
        "parameters": [
          {
            "$ref": "#/components/parameters/rid"
          },
          {
            "$ref": "#/components/parameters/hid"
          },
          {
            "$ref": "#/components/parameters/summary"
          },
          {
            "$ref": "#/components/parameters/format"
          },
          {
            "$ref": "#/components/parameters/pretty"
          },
          {
            "$ref": "#/components/parameters/elements"
          }
        ]
      }
    },
    "/Coverage": {
      "summary": "manage the collection of resources of type Coverage",
      "description": "Access to services to manage the collection of all resources of type Coverage",
      "get": {
        "summary": "Search all resources of type Coverage based on a set of criteria",
        "operationId": "searchCoverage",
        "responses": {
          "default": {
            "description": "Error, with details",
            "content": {
              "application/fhir+json": {
                "schema": {
                  "$ref": "https://build.fhir.org/fhir.schema.json#/definitions/OperationOutcome"
                }
              },
              "application/fhir+xml": {
                "schema": {
                  "$ref": "https://build.fhir.org/OperationOutcome.xsd"
                }
              }
            }
          },
          "200": {
            "description": "the resource being returned",
            "content": {
              "application/fhir+json": {
                "schema": {
                  "$ref": "https://build.fhir.org/fhir.schema.json#/definitions/Bundle"
                }
              },
              "application/fhir+xml": {
                "schema": {
                  "$ref": "https://build.fhir.org/Bundle.xsd"
                }
              }
            }
          }
        },
        "parameters": [
          {
            "$ref": "#/components/parameters/format"
          },
          {
            "$ref": "#/components/parameters/pretty"
          },
          {
            "$ref": "#/components/parameters/summary"
          },
          {
            "$ref": "#/components/parameters/elements"
          },
          {
            "name": "status",
            "in": "query",
            "schema": {
              "type": "string"
            }
          },
          {
            "name": "patient",
            "in": "query",
            "schema": {
              "type": "string"
            }
          }
        ]
      }
    },
    "/Coverage/{rid}": {
      "summary": "Read/Write/etc resource instance of type Coverage",
      "description": "Access to services to manage the state of a single resource of type Coverage",
      "get": {
        "summary": "Read the current state of the resource",
        "operationId": "readCoverage",
        "responses": {
          "default": {
            "description": "Error, with details",
            "content": {
              "application/fhir+json": {
                "schema": {
                  "$ref": "https://build.fhir.org/fhir.schema.json#/definitions/OperationOutcome"
                }
              },
              "application/fhir+xml": {
                "schema": {
                  "$ref": "https://build.fhir.org/OperationOutcome.xsd"
                }
              }
            }
          },
          "200": {
            "description": "the resource being returned",
            "headers": {
              "ETag": {
                "description": "Version from Resource.meta.version as a weak ETag",
                "schema": {
                  "type": "string"
                }
              }
            },
            "content": {
              "application/fhir+json": {
                "schema": {
                  "$ref": "https://build.fhir.org/fhir.schema.json#/definitions/Coverage"
                }
              },
              "application/fhir+xml": {
                "schema": {
                  "$ref": "https://build.fhir.org/Coverage.xsd"
                }
              }
            }
          }
        },
        "parameters": [
          {
            "$ref": "#/components/parameters/rid"
          },
          {
            "$ref": "#/components/parameters/summary"
          },
          {
            "$ref": "#/components/parameters/format"
          },
          {
            "$ref": "#/components/parameters/pretty"
          },
          {
            "$ref": "#/components/parameters/elements"
          }
        ]
      }
    },
    "/Coverage/{rid}/_history/{hid}": {
      "summary": "Read a past version of resource instance of type Coverage",
      "description": "Access a to specified previous version of a single resource of type Coverage",
      "get": {
        "summary": "Read a past state of the resource",
        "operationId": "vreadCoverage",
        "responses": {
          "default": {
            "description": "Error, with details",
            "content": {
              "application/fhir+json": {
                "schema": {
                  "$ref": "https://build.fhir.org/fhir.schema.json#/definitions/OperationOutcome"
                }
              },
              "application/fhir+xml": {
                "schema": {
                  "$ref": "https://build.fhir.org/OperationOutcome.xsd"
                }
              }
            }
          },
          "200": {
            "description": "the resource being returned",
            "headers": {
              "ETag": {
                "description": "Version from Resource.meta.version as a weak ETag for that version",
                "schema": {
                  "type": "string"
                }
              }
            },
            "content": {
              "application/fhir+json": {
                "schema": {
                  "$ref": "https://build.fhir.org/fhir.schema.json#/definitions/Coverage"
                }
              },
              "application/fhir+xml": {
                "schema": {
                  "$ref": "https://build.fhir.org/Coverage.xsd"
                }
              }
            }
          }
        },
        "parameters": [
          {
            "$ref": "#/components/parameters/rid"
          },
          {
            "$ref": "#/components/parameters/hid"
          },
          {
            "$ref": "#/components/parameters/summary"
          },
          {
            "$ref": "#/components/parameters/format"
          },
          {
            "$ref": "#/components/parameters/pretty"
          },
          {
            "$ref": "#/components/parameters/elements"
          }
        ]
      }
    },
    "/ExplanationOfBenefit": {
      "summary": "manage the collection of resources of type ExplanationOfBenefit",
      "description": "Access to services to manage the collection of all resources of type ExplanationOfBenefit",
      "get": {
        "summary": "Search all resources of type ExplanationOfBenefit based on a set of criteria",
        "operationId": "searchExplanationOfBenefit",
        "responses": {
          "default": {
            "description": "Error, with details",
            "content": {
              "application/fhir+json": {
                "schema": {
                  "$ref": "https://build.fhir.org/fhir.schema.json#/definitions/OperationOutcome"
                }
              },
              "application/fhir+xml": {
                "schema": {
                  "$ref": "https://build.fhir.org/OperationOutcome.xsd"
                }
              }
            }
          },
          "200": {
            "description": "the resource being returned",
            "content": {
              "application/fhir+json": {
                "schema": {
                  "$ref": "https://build.fhir.org/fhir.schema.json#/definitions/Bundle"
                }
              },
              "application/fhir+xml": {
                "schema": {
                  "$ref": "https://build.fhir.org/Bundle.xsd"
                }
              }
            }
          }
        },
        "parameters": [
          {
            "$ref": "#/components/parameters/format"
          },
          {
            "$ref": "#/components/parameters/pretty"
          },
          {
            "$ref": "#/components/parameters/summary"
          },
          {
            "$ref": "#/components/parameters/elements"
          },
          {
            "name": "status",
            "in": "query",
            "schema": {
              "type": "string"
            }
          },
          {
            "name": "patient",
            "in": "query",
            "schema": {
              "type": "string"
            }
          }
        ]
      }
    },
    "/ExplanationOfBenefit/{rid}": {
      "summary": "Read/Write/etc resource instance of type ExplanationOfBenefit",
      "description": "Access to services to manage the state of a single resource of type ExplanationOfBenefit",
      "get": {
        "summary": "Read the current state of the resource",
        "operationId": "readExplanationOfBenefit",
        "responses": {
          "default": {
            "description": "Error, with details",
            "content": {
              "application/fhir+json": {
                "schema": {
                  "$ref": "https://build.fhir.org/fhir.schema.json#/definitions/OperationOutcome"
                }
              },
              "application/fhir+xml": {
                "schema": {
                  "$ref": "https://build.fhir.org/OperationOutcome.xsd"
                }
              }
            }
          },
          "200": {
            "description": "the resource being returned",
            "headers": {
              "ETag": {
                "description": "Version from Resource.meta.version as a weak ETag",
                "schema": {
                  "type": "string"
                }
              }
            },
            "content": {
              "application/fhir+json": {
                "schema": {
                  "$ref": "https://build.fhir.org/fhir.schema.json#/definitions/ExplanationOfBenefit"
                }
              },
              "application/fhir+xml": {
                "schema": {
                  "$ref": "https://build.fhir.org/ExplanationOfBenefit.xsd"
                }
              }
            }
          }
        },
        "parameters": [
          {
            "$ref": "#/components/parameters/rid"
          },
          {
            "$ref": "#/components/parameters/summary"
          },
          {
            "$ref": "#/components/parameters/format"
          },
          {
            "$ref": "#/components/parameters/pretty"
          },
          {
            "$ref": "#/components/parameters/elements"
          }
        ]
      }
    },
    "/ExplanationOfBenefit/{rid}/_history/{hid}": {
      "summary": "Read a past version of resource instance of type ExplanationOfBenefit",
      "description": "Access a to specified previous version of a single resource of type ExplanationOfBenefit",
      "get": {
        "summary": "Read a past state of the resource",
        "operationId": "vreadExplanationOfBenefit",
        "responses": {
          "default": {
            "description": "Error, with details",
            "content": {
              "application/fhir+json": {
                "schema": {
                  "$ref": "https://build.fhir.org/fhir.schema.json#/definitions/OperationOutcome"
                }
              },
              "application/fhir+xml": {
                "schema": {
                  "$ref": "https://build.fhir.org/OperationOutcome.xsd"
                }
              }
            }
          },
          "200": {
            "description": "the resource being returned",
            "headers": {
              "ETag": {
                "description": "Version from Resource.meta.version as a weak ETag for that version",
                "schema": {
                  "type": "string"
                }
              }
            },
            "content": {
              "application/fhir+json": {
                "schema": {
                  "$ref": "https://build.fhir.org/fhir.schema.json#/definitions/ExplanationOfBenefit"
                }
              },
              "application/fhir+xml": {
                "schema": {
                  "$ref": "https://build.fhir.org/ExplanationOfBenefit.xsd"
                }
              }
            }
          }
        },
        "parameters": [
          {
            "$ref": "#/components/parameters/rid"
          },
          {
            "$ref": "#/components/parameters/hid"
          },
          {
            "$ref": "#/components/parameters/summary"
          },
          {
            "$ref": "#/components/parameters/format"
          },
          {
            "$ref": "#/components/parameters/pretty"
          },
          {
            "$ref": "#/components/parameters/elements"
          }
        ]
      }
    },
    "/": {
      "summary": "System level operations",
      "description": "System level operations",
      "get": {
        "summary": "Search all resources of all types based on a set of criteria",
        "operationId": "searchAll",
        "responses": {
          "default": {
            "description": "Error, with details",
            "content": {
              "application/fhir+json": {
                "schema": {
                  "$ref": "https://build.fhir.org/fhir.schema.json#/definitions/OperationOutcome"
                }
              },
              "application/fhir+xml": {
                "schema": {
                  "$ref": "https://build.fhir.org/OperationOutcome.xsd"
                }
              }
            }
          },
          "200": {
            "description": "the resource being returned",
            "content": {
              "application/fhir+json": {
                "schema": {
                  "$ref": "https://build.fhir.org/fhir.schema.json#/definitions/Bundle"
                }
              },
              "application/fhir+xml": {
                "schema": {
                  "$ref": "https://build.fhir.org/Bundle.xsd"
                }
              }
            }
          }
        },
        "parameters": [
          {
            "$ref": "#/components/parameters/format"
          },
          {
            "$ref": "#/components/parameters/pretty"
          },
          {
            "$ref": "#/components/parameters/summary"
          },
          {
            "$ref": "#/components/parameters/elements"
          }
        ]
      }
    }
  },
  "components": {
    "parameters": {
      "rid": {
        "name": "rid",
        "in": "path",
        "description": "id of the resource (\u003dResource.id)",
        "required": true,
        "allowEmptyValue": false,
        "style": "simple",
        "schema": {
          "type": "string"
        }
      },
      "hid": {
        "name": "hid",
        "in": "path",
        "description": "id of the history entry (\u003dResource.meta.versionId)",
        "required": true,
        "allowEmptyValue": false,
        "style": "simple",
        "schema": {
          "type": "string"
        }
      },
      "summary": {
        "name": "_summary",
        "in": "query",
        "description": "Requests the server to return a designated subset of the resource",
        "allowEmptyValue": true,
        "style": "form",
        "schema": {
          "type": "string",
          "enum": [
            "true",
            "text",
            "data",
            "count",
            "false"
          ]
        }
      },
      "format": {
        "name": "_format",
        "in": "query",
        "description": "Specify alternative response formats by their MIME-types (when a client is unable acccess accept: header)",
        "allowEmptyValue": true,
        "style": "form",
        "schema": {
          "type": "string",
          "format": "mime-type"
        }
      },
      "pretty": {
        "name": "_pretty",
        "in": "query",
        "description": "Ask for a pretty printed response for human convenience",
        "allowEmptyValue": true,
        "style": "form",
        "schema": {
          "type": "boolean"
        }
      },
      "elements": {
        "name": "_elements",
        "in": "query",
        "description": "Requests the server to return a collection of elements from the resource",
        "allowEmptyValue": true,
        "style": "form",
        "explode": false,
        "schema": {
          "type": "array",
          "format": "string",
          "items": {
            "format": "string"
          }
        }
      },
      "count": {
        "name": "_count",
        "in": "query",
        "description": "The maximum number of search results on a page. The server is not bound to return the number requested, but cannot return more",
        "schema": {
          "type": "number"
        }
      }
    }
  }
}