{
  "resourceType" : "Bundle",
  "id" : "054d5f33-b983-4408-a0f1-57a3576110a6",
  "meta" : {
    "lastUpdated" : "2019-12-15T21:47:45.539-05:00"
  },
  "type" : "collection",
  "entry" : [{
    "fullUrl" : "http://hl7.org/fhir/us/carin/ValueSet/carin-bb-relatedclaimrelationship",
    "resource" : {
      "resourceType" : "ValueSet",
      "id" : "CARIN-BB-Related-Claim-Relationship",
      "meta" : {
        "versionId" : "2",
        "lastUpdated" : "2019-07-27T07:01:18.000-04:00"
      },
      "text" : {
        "status" : "generated",
        "div" : "<div xmlns=\"http://www.w3.org/1999/xhtml\"><p>This value set contains 2 concepts</p><p style=\"border: black 1px dotted; background-color: #EEEEEE; padding: 8px\">Expansion based on http://hl7.org/fhir/us/carin/CodeSystem/carin-bb-relatedclaimrelationship version 0.1.57-DRAFT</p><p>All codes from system <a href=\"CodeSystem-CARIN-BB-Related-Claim-Relationship.html\"><code>http://hl7.org/fhir/us/carin/CodeSystem/carin-bb-relatedclaimrelationship</code></a></p><table class=\"codes\"><tr><td style=\"white-space:nowrap\"><b>Code</b></td><td><b>Display</b></td><td><b>Definition</b></td></tr><tr><td style=\"white-space:nowrap\"><a name=\"http---hl7.org-fhir-us-carin-CodeSystem-carin-bb-relatedclaimrelationship-prior\"> </a><a href=\"CodeSystem-CARIN-BB-Related-Claim-Relationship.html#CARIN-BB-Related-Claim-Relationship-prior\">prior</a></td><td>Prior claim</td><td/></tr><tr><td style=\"white-space:nowrap\"><a name=\"http---hl7.org-fhir-us-carin-CodeSystem-carin-bb-relatedclaimrelationship-replaced\"> </a><a href=\"CodeSystem-CARIN-BB-Related-Claim-Relationship.html#CARIN-BB-Related-Claim-Relationship-replaced\">replaced</a></td><td>Replaced claim</td><td/></tr></table></div>"
      },
      "url" : "http://hl7.org/fhir/us/carin/ValueSet/carin-bb-relatedclaimrelationship",
      "version" : "0.1.57-DRAFT",
      "name" : "CARINBBRelatedClaimRelationship",
      "title" : "CARIN Blue Button Related Claim Relationship Value Set",
      "status" : "draft",
      "date" : "2019-12-15T21:47:45-05:00",
      "expansion" : {
        "identifier" : "urn:uuid:d79805bc-9146-467c-8141-d1c6e7990e85",
        "timestamp" : "2019-12-15T21:49:25-05:00",
        "total" : 2,
        "parameter" : [{
          "name" : "excludeNested",
          "valueBoolean" : false
        },
        {
          "name" : "version",
          "valueUri" : "http://hl7.org/fhir/us/carin/CodeSystem/carin-bb-relatedclaimrelationship|0.1.57-DRAFT"
        }],
        "contains" : [{
          "system" : "http://hl7.org/fhir/us/carin/CodeSystem/carin-bb-relatedclaimrelationship",
          "code" : "prior",
          "display" : "Prior claim"
        },
        {
          "system" : "http://hl7.org/fhir/us/carin/CodeSystem/carin-bb-relatedclaimrelationship",
          "code" : "replaced",
          "display" : "Replaced claim"
        }]
      }
    }
  },
  {
    "fullUrl" : "http://hl7.org/fhir/us/carin/ValueSet/carin-bb-claim-type",
    "resource" : {
      "resourceType" : "ValueSet",
      "id" : "CARIN-BB-Claim-Type",
      "meta" : {
        "versionId" : "3",
        "lastUpdated" : "2019-07-27T05:26:59.000-04:00"
      },
      "text" : {
        "status" : "generated",
        "div" : "<div xmlns=\"http://www.w3.org/1999/xhtml\"><p>This value set contains 6 concepts</p><p style=\"border: black 1px dotted; background-color: #EEEEEE; padding: 8px\">Expansion based on http://hl7.org/fhir/us/carin/CodeSystem/carin-bb-claim-type version 0.1.57-DRAFT</p><p>All codes from system <a href=\"CodeSystem-CARIN-BB-Claim-Type.html\"><code>http://hl7.org/fhir/us/carin/CodeSystem/carin-bb-claim-type</code></a></p><table class=\"codes\"><tr><td style=\"white-space:nowrap\"><b>Code</b></td><td><b>Display</b></td><td><b>Definition</b></td></tr><tr><td style=\"white-space:nowrap\"><a name=\"http---hl7.org-fhir-us-carin-CodeSystem-carin-bb-claim-type-inpatient-facility\"> </a><a href=\"CodeSystem-CARIN-BB-Claim-Type.html#CARIN-BB-Claim-Type-inpatient-facility\">inpatient-facility</a></td><td>Inpatient Facility</td><td/></tr><tr><td style=\"white-space:nowrap\"><a name=\"http---hl7.org-fhir-us-carin-CodeSystem-carin-bb-claim-type-outpatient-facility\"> </a><a href=\"CodeSystem-CARIN-BB-Claim-Type.html#CARIN-BB-Claim-Type-outpatient-facility\">outpatient-facility</a></td><td>Outpatient Facility</td><td/></tr><tr><td style=\"white-space:nowrap\"><a name=\"http---hl7.org-fhir-us-carin-CodeSystem-carin-bb-claim-type-professional-nonclinician\"> </a><a href=\"CodeSystem-CARIN-BB-Claim-Type.html#CARIN-BB-Claim-Type-professional-nonclinician\">professional-nonclinician</a></td><td>Professional or Non-Clinician</td><td/></tr><tr><td style=\"white-space:nowrap\"><a name=\"http---hl7.org-fhir-us-carin-CodeSystem-carin-bb-claim-type-pharmacy\"> </a><a href=\"CodeSystem-CARIN-BB-Claim-Type.html#CARIN-BB-Claim-Type-pharmacy\">pharmacy</a></td><td>Pharmacy</td><td/></tr><tr><td style=\"white-space:nowrap\"><a name=\"http---hl7.org-fhir-us-carin-CodeSystem-carin-bb-claim-type-vision\"> </a><a href=\"CodeSystem-CARIN-BB-Claim-Type.html#CARIN-BB-Claim-Type-vision\">vision</a></td><td>Vision</td><td/></tr><tr><td style=\"white-space:nowrap\"><a name=\"http---hl7.org-fhir-us-carin-CodeSystem-carin-bb-claim-type-oral\"> </a><a href=\"CodeSystem-CARIN-BB-Claim-Type.html#CARIN-BB-Claim-Type-oral\">oral</a></td><td>Oral</td><td/></tr></table></div>"
      },
      "url" : "http://hl7.org/fhir/us/carin/ValueSet/carin-bb-claim-type",
      "version" : "0.1.57-DRAFT",
      "name" : "CARINBBClaimType",
      "title" : "CARIN Blue Button Claim Type Value Set",
      "status" : "draft",
      "date" : "2019-12-15T21:47:45-05:00",
      "expansion" : {
        "identifier" : "urn:uuid:195470e9-2b2f-45e9-9a86-9e099fbd9945",
        "timestamp" : "2019-12-15T21:49:57-05:00",
        "total" : 6,
        "parameter" : [{
          "name" : "excludeNested",
          "valueBoolean" : false
        },
        {
          "name" : "version",
          "valueUri" : "http://hl7.org/fhir/us/carin/CodeSystem/carin-bb-claim-type|0.1.57-DRAFT"
        }],
        "contains" : [{
          "system" : "http://hl7.org/fhir/us/carin/CodeSystem/carin-bb-claim-type",
          "code" : "inpatient-facility",
          "display" : "Inpatient Facility"
        },
        {
          "system" : "http://hl7.org/fhir/us/carin/CodeSystem/carin-bb-claim-type",
          "code" : "outpatient-facility",
          "display" : "Outpatient Facility"
        },
        {
          "system" : "http://hl7.org/fhir/us/carin/CodeSystem/carin-bb-claim-type",
          "code" : "professional-nonclinician",
          "display" : "Professional or Non-Clinician"
        },
        {
          "system" : "http://hl7.org/fhir/us/carin/CodeSystem/carin-bb-claim-type",
          "code" : "pharmacy",
          "display" : "Pharmacy"
        },
        {
          "system" : "http://hl7.org/fhir/us/carin/CodeSystem/carin-bb-claim-type",
          "code" : "vision",
          "display" : "Vision"
        },
        {
          "system" : "http://hl7.org/fhir/us/carin/CodeSystem/carin-bb-claim-type",
          "code" : "oral",
          "display" : "Oral"
        }]
      }
    }
  },
  {
    "fullUrl" : "http://hl7.org/fhir/us/carin/ValueSet/carin-bb-claimcareteamrole",
    "resource" : {
      "resourceType" : "ValueSet",
      "id" : "CARIN-BB-Claim-CareTeam-Role",
      "meta" : {
        "versionId" : "3",
        "lastUpdated" : "2019-07-27T07:56:52.000-04:00"
      },
      "text" : {
        "status" : "generated",
        "div" : "<div xmlns=\"http://www.w3.org/1999/xhtml\"><p>This value set contains 5 concepts</p><p style=\"border: black 1px dotted; background-color: #EEEEEE; padding: 8px\">Expansion based on http://hl7.org/fhir/us/carin/CodeSystem/carin-bb-claimcareteamrole version 0.1.57-DRAFT</p><p>All codes from system <a href=\"CodeSystem-CARIN-BB-Claim-CareTeam-Role.html\"><code>http://hl7.org/fhir/us/carin/CodeSystem/carin-bb-claimcareteamrole</code></a></p><table class=\"codes\"><tr><td style=\"white-space:nowrap\"><b>Code</b></td><td><b>Display</b></td><td><b>Definition</b></td></tr><tr><td style=\"white-space:nowrap\"><a name=\"http---hl7.org-fhir-us-carin-CodeSystem-carin-bb-claimcareteamrole-supervising\"> </a><a href=\"CodeSystem-CARIN-BB-Claim-CareTeam-Role.html#CARIN-BB-Claim-CareTeam-Role-supervising\">supervising</a></td><td>Attending or Supervising provider</td><td/></tr><tr><td style=\"white-space:nowrap\"><a name=\"http---hl7.org-fhir-us-carin-CodeSystem-carin-bb-claimcareteamrole-referring\"> </a><a href=\"CodeSystem-CARIN-BB-Claim-CareTeam-Role.html#CARIN-BB-Claim-CareTeam-Role-referring\">referring</a></td><td>Referring provider</td><td/></tr><tr><td style=\"white-space:nowrap\"><a name=\"http---hl7.org-fhir-us-carin-CodeSystem-carin-bb-claimcareteamrole-performing\"> </a><a href=\"CodeSystem-CARIN-BB-Claim-CareTeam-Role.html#CARIN-BB-Claim-CareTeam-Role-performing\">performing</a></td><td>Servicing or Rendering provider</td><td/></tr><tr><td style=\"white-space:nowrap\"><a name=\"http---hl7.org-fhir-us-carin-CodeSystem-carin-bb-claimcareteamrole-prescribing\"> </a><a href=\"CodeSystem-CARIN-BB-Claim-CareTeam-Role.html#CARIN-BB-Claim-CareTeam-Role-prescribing\">prescribing</a></td><td>Prescribing provider</td><td/></tr><tr><td style=\"white-space:nowrap\"><a name=\"http---hl7.org-fhir-us-carin-CodeSystem-carin-bb-claimcareteamrole-pcp\"> </a><a href=\"CodeSystem-CARIN-BB-Claim-CareTeam-Role.html#CARIN-BB-Claim-CareTeam-Role-pcp\">pcp</a></td><td>Primary care provider</td><td/></tr></table></div>"
      },
      "url" : "http://hl7.org/fhir/us/carin/ValueSet/carin-bb-claimcareteamrole",
      "version" : "0.1.57-DRAFT",
      "name" : "CARINBBClaimCareTeamRole",
      "title" : "CARIN Blue Button Claim Care Team Role Value Set",
      "status" : "draft",
      "date" : "2019-12-15T21:47:45-05:00",
      "expansion" : {
        "identifier" : "urn:uuid:ff849e21-0d92-4e6c-9b36-964c98efe992",
        "timestamp" : "2019-12-15T21:49:58-05:00",
        "total" : 5,
        "parameter" : [{
          "name" : "excludeNested",
          "valueBoolean" : false
        },
        {
          "name" : "version",
          "valueUri" : "http://hl7.org/fhir/us/carin/CodeSystem/carin-bb-claimcareteamrole|0.1.57-DRAFT"
        }],
        "contains" : [{
          "system" : "http://hl7.org/fhir/us/carin/CodeSystem/carin-bb-claimcareteamrole",
          "code" : "supervising",
          "display" : "Attending or Supervising provider"
        },
        {
          "system" : "http://hl7.org/fhir/us/carin/CodeSystem/carin-bb-claimcareteamrole",
          "code" : "referring",
          "display" : "Referring provider"
        },
        {
          "system" : "http://hl7.org/fhir/us/carin/CodeSystem/carin-bb-claimcareteamrole",
          "code" : "performing",
          "display" : "Servicing or Rendering provider"
        },
        {
          "system" : "http://hl7.org/fhir/us/carin/CodeSystem/carin-bb-claimcareteamrole",
          "code" : "prescribing",
          "display" : "Prescribing provider"
        },
        {
          "system" : "http://hl7.org/fhir/us/carin/CodeSystem/carin-bb-claimcareteamrole",
          "code" : "pcp",
          "display" : "Primary care provider"
        }]
      }
    }
  },
  {
    "fullUrl" : "http://hl7.org/fhir/us/carin/ValueSet/carin-bb-adjudicationamountcategory",
    "resource" : {
      "resourceType" : "ValueSet",
      "id" : "CARIN-BB-Adjudication-Amount-Category",
      "meta" : {
        "versionId" : "5",
        "lastUpdated" : "2019-12-01T13:43:22.000-05:00"
      },
      "text" : {
        "status" : "generated",
        "div" : "<div xmlns=\"http://www.w3.org/1999/xhtml\"><p>This value set contains 9 concepts</p><p style=\"border: black 1px dotted; background-color: #EEEEEE; padding: 8px\">Expansion based on http://hl7.org/fhir/us/carin/CodeSystem/carin-bb-adjudicationcategory version 0.1.57-DRAFT</p><p>All codes from system <a href=\"CodeSystem-CARIN-BB-Adjudication-Category.html\"><code>http://hl7.org/fhir/us/carin/CodeSystem/carin-bb-adjudicationcategory</code></a></p><table class=\"codes\"><tr><td style=\"white-space:nowrap\"><b>Code</b></td><td><b>Display</b></td><td><b>Definition</b></td></tr><tr><td style=\"white-space:nowrap\"><a name=\"http---hl7.org-fhir-us-carin-CodeSystem-carin-bb-adjudicationcategory-submittedamount\"> </a><a href=\"CodeSystem-CARIN-BB-Adjudication-Category.html#CARIN-BB-Adjudication-Category-submittedamount\">submittedamount</a></td><td>submitted amount</td><td/></tr><tr><td style=\"white-space:nowrap\"><a name=\"http---hl7.org-fhir-us-carin-CodeSystem-carin-bb-adjudicationcategory-allowedamount\"> </a><a href=\"CodeSystem-CARIN-BB-Adjudication-Category.html#CARIN-BB-Adjudication-Category-allowedamount\">allowedamount</a></td><td>allowed amount</td><td/></tr><tr><td style=\"white-space:nowrap\"><a name=\"http---hl7.org-fhir-us-carin-CodeSystem-carin-bb-adjudicationcategory-deductibleamount\"> </a><a href=\"CodeSystem-CARIN-BB-Adjudication-Category.html#CARIN-BB-Adjudication-Category-deductibleamount\">deductibleamount</a></td><td>deductible amount</td><td/></tr><tr><td style=\"white-space:nowrap\"><a name=\"http---hl7.org-fhir-us-carin-CodeSystem-carin-bb-adjudicationcategory-coinsuranceamount\"> </a><a href=\"CodeSystem-CARIN-BB-Adjudication-Category.html#CARIN-BB-Adjudication-Category-coinsuranceamount\">coinsuranceamount</a></td><td>coinsurance amount</td><td/></tr><tr><td style=\"white-space:nowrap\"><a name=\"http---hl7.org-fhir-us-carin-CodeSystem-carin-bb-adjudicationcategory-copayamount\"> </a><a href=\"CodeSystem-CARIN-BB-Adjudication-Category.html#CARIN-BB-Adjudication-Category-copayamount\">copayamount</a></td><td>copay amount</td><td/></tr><tr><td style=\"white-space:nowrap\"><a name=\"http---hl7.org-fhir-us-carin-CodeSystem-carin-bb-adjudicationcategory-noncoveredamount\"> </a><a href=\"CodeSystem-CARIN-BB-Adjudication-Category.html#CARIN-BB-Adjudication-Category-noncoveredamount\">noncoveredamount</a></td><td>noncovered amount</td><td/></tr><tr><td style=\"white-space:nowrap\"><a name=\"http---hl7.org-fhir-us-carin-CodeSystem-carin-bb-adjudicationcategory-cobamount\"> </a><a href=\"CodeSystem-CARIN-BB-Adjudication-Category.html#CARIN-BB-Adjudication-Category-cobamount\">cobamount</a></td><td>cob amount</td><td/></tr><tr><td style=\"white-space:nowrap\"><a name=\"http---hl7.org-fhir-us-carin-CodeSystem-carin-bb-adjudicationcategory-paymentamount\"> </a><a href=\"CodeSystem-CARIN-BB-Adjudication-Category.html#CARIN-BB-Adjudication-Category-paymentamount\">paymentamount</a></td><td>payment amount</td><td/></tr><tr><td style=\"white-space:nowrap\"><a name=\"http---hl7.org-fhir-us-carin-CodeSystem-carin-bb-adjudicationcategory-patientpayamount\"> </a><a href=\"CodeSystem-CARIN-BB-Adjudication-Category.html#CARIN-BB-Adjudication-Category-patientpayamount\">patientpayamount</a></td><td>patient pay amount</td><td/></tr></table></div>"
      },
      "url" : "http://hl7.org/fhir/us/carin/ValueSet/carin-bb-adjudicationamountcategory",
      "version" : "0.1.57-DRAFT",
      "name" : "CARINBBAdjudicationAmountCategory",
      "title" : "CARIN Blue Button Adjudication Amount Category Value Set",
      "status" : "draft",
      "date" : "2019-12-15T21:47:45-05:00",
      "description" : "Describes the various amount fields used when submitting and adjudicating a claim.",
      "expansion" : {
        "identifier" : "urn:uuid:4c29715e-32d0-455c-a3c8-30b185e304e8",
        "timestamp" : "2019-12-15T21:49:59-05:00",
        "total" : 9,
        "parameter" : [{
          "name" : "excludeNested",
          "valueBoolean" : false
        },
        {
          "name" : "version",
          "valueUri" : "http://hl7.org/fhir/us/carin/CodeSystem/carin-bb-adjudicationcategory|0.1.57-DRAFT"
        }],
        "contains" : [{
          "system" : "http://hl7.org/fhir/us/carin/CodeSystem/carin-bb-adjudicationcategory",
          "code" : "submittedamount",
          "display" : "submitted amount"
        },
        {
          "system" : "http://hl7.org/fhir/us/carin/CodeSystem/carin-bb-adjudicationcategory",
          "code" : "allowedamount",
          "display" : "allowed amount"
        },
        {
          "system" : "http://hl7.org/fhir/us/carin/CodeSystem/carin-bb-adjudicationcategory",
          "code" : "deductibleamount",
          "display" : "deductible amount"
        },
        {
          "system" : "http://hl7.org/fhir/us/carin/CodeSystem/carin-bb-adjudicationcategory",
          "code" : "coinsuranceamount",
          "display" : "coinsurance amount"
        },
        {
          "system" : "http://hl7.org/fhir/us/carin/CodeSystem/carin-bb-adjudicationcategory",
          "code" : "copayamount",
          "display" : "copay amount"
        },
        {
          "system" : "http://hl7.org/fhir/us/carin/CodeSystem/carin-bb-adjudicationcategory",
          "code" : "noncoveredamount",
          "display" : "noncovered amount"
        },
        {
          "system" : "http://hl7.org/fhir/us/carin/CodeSystem/carin-bb-adjudicationcategory",
          "code" : "cobamount",
          "display" : "cob amount"
        },
        {
          "system" : "http://hl7.org/fhir/us/carin/CodeSystem/carin-bb-adjudicationcategory",
          "code" : "paymentamount",
          "display" : "payment amount"
        },
        {
          "system" : "http://hl7.org/fhir/us/carin/CodeSystem/carin-bb-adjudicationcategory",
          "code" : "patientpayamount",
          "display" : "patient pay amount"
        }]
      }
    }
  },
  {
    "fullUrl" : "http://hl7.org/fhir/us/carin/ValueSet/carin-bb-networkcontractingstatus",
    "resource" : {
      "resourceType" : "ValueSet",
      "id" : "CARIN-BB-Network-Contracting-Status",
      "meta" : {
        "versionId" : "2",
        "lastUpdated" : "2019-07-28T06:21:29.000-04:00"
      },
      "text" : {
        "status" : "generated",
        "div" : "<div xmlns=\"http://www.w3.org/1999/xhtml\"><p>This value set contains 2 concepts</p><p style=\"border: black 1px dotted; background-color: #EEEEEE; padding: 8px\">Expansion based on http://hl7.org/fhir/us/carin/CodeSystem/carin-bb-networkcontractingstatus version 0.1.57-DRAFT</p><p>All codes from system <a href=\"CodeSystem-CARIN-BB-Network-Contracting-Status.html\"><code>http://hl7.org/fhir/us/carin/CodeSystem/carin-bb-networkcontractingstatus</code></a></p><table class=\"codes\"><tr><td style=\"white-space:nowrap\"><b>Code</b></td><td><b>Display</b></td><td><b>Definition</b></td></tr><tr><td style=\"white-space:nowrap\"><a name=\"http---hl7.org-fhir-us-carin-CodeSystem-carin-bb-networkcontractingstatus-contracted\"> </a><a href=\"CodeSystem-CARIN-BB-Network-Contracting-Status.html#CARIN-BB-Network-Contracting-Status-contracted\">contracted</a></td><td>contracted</td><td/></tr><tr><td style=\"white-space:nowrap\"><a name=\"http---hl7.org-fhir-us-carin-CodeSystem-carin-bb-networkcontractingstatus-non-contracted\"> </a><a href=\"CodeSystem-CARIN-BB-Network-Contracting-Status.html#CARIN-BB-Network-Contracting-Status-non-contracted\">non-contracted</a></td><td>non-contracted</td><td/></tr></table></div>"
      },
      "url" : "http://hl7.org/fhir/us/carin/ValueSet/carin-bb-networkcontractingstatus",
      "version" : "0.1.57-DRAFT",
      "name" : "CARINBBNetworkContractingStatus",
      "title" : "CARIN Blue Button Network Contracting Status Value Set",
      "status" : "draft",
      "date" : "2019-12-15T21:47:45-05:00",
      "expansion" : {
        "identifier" : "urn:uuid:78c17785-414f-407e-8317-02139489b259",
        "timestamp" : "2019-12-15T21:49:59-05:00",
        "total" : 2,
        "parameter" : [{
          "name" : "excludeNested",
          "valueBoolean" : false
        },
        {
          "name" : "version",
          "valueUri" : "http://hl7.org/fhir/us/carin/CodeSystem/carin-bb-networkcontractingstatus|0.1.57-DRAFT"
        }],
        "contains" : [{
          "system" : "http://hl7.org/fhir/us/carin/CodeSystem/carin-bb-networkcontractingstatus",
          "code" : "contracted",
          "display" : "contracted"
        },
        {
          "system" : "http://hl7.org/fhir/us/carin/CodeSystem/carin-bb-networkcontractingstatus",
          "code" : "non-contracted",
          "display" : "non-contracted"
        }]
      }
    }
  },
  {
    "fullUrl" : "http://hl7.org/fhir/us/carin/ValueSet/carin-bb-claiminformationcategory",
    "resource" : {
      "resourceType" : "ValueSet",
      "id" : "CARIN-BB-Claim-Information-Category",
      "meta" : {
        "versionId" : "5",
        "lastUpdated" : "2019-07-28T05:27:02.000-04:00"
      },
      "text" : {
        "status" : "generated",
        "div" : "<div xmlns=\"http://www.w3.org/1999/xhtml\"><p>This value set contains 21 concepts</p><p style=\"border: black 1px dotted; background-color: #EEEEEE; padding: 8px\">Expansion based on http://hl7.org/fhir/us/carin/CodeSystem/carin-bb-claiminformationcategory version 0.1.57-DRAFT</p><p>All codes from system <a href=\"CodeSystem-CARIN-BB-Claim-Information-Category.html\"><code>http://hl7.org/fhir/us/carin/CodeSystem/carin-bb-claiminformationcategory</code></a></p><table class=\"codes\"><tr><td style=\"white-space:nowrap\"><b>Code</b></td><td><b>Display</b></td><td><b>Definition</b></td></tr><tr><td style=\"white-space:nowrap\"><a name=\"http---hl7.org-fhir-us-carin-CodeSystem-carin-bb-claiminformationcategory-billingnetworkcontractingstatus\"> </a><a href=\"CodeSystem-CARIN-BB-Claim-Information-Category.html#CARIN-BB-Claim-Information-Category-billingnetworkcontractingstatus\">billingnetworkcontractingstatus</a></td><td>billingnetworkcontractingstatus</td><td/></tr><tr><td style=\"white-space:nowrap\"><a name=\"http---hl7.org-fhir-us-carin-CodeSystem-carin-bb-claiminformationcategory-attendingnetworkcontractingstatus\"> </a><a href=\"CodeSystem-CARIN-BB-Claim-Information-Category.html#CARIN-BB-Claim-Information-Category-attendingnetworkcontractingstatus\">attendingnetworkcontractingstatus</a></td><td>attendingnetworkcontractingstatus</td><td/></tr><tr><td style=\"white-space:nowrap\"><a name=\"http---hl7.org-fhir-us-carin-CodeSystem-carin-bb-claiminformationcategory-sitenetworkcontractingstatus\"> </a><a href=\"CodeSystem-CARIN-BB-Claim-Information-Category.html#CARIN-BB-Claim-Information-Category-sitenetworkcontractingstatus\">sitenetworkcontractingstatus</a></td><td>sitenetworkcontractingstatus</td><td/></tr><tr><td style=\"white-space:nowrap\"><a name=\"http---hl7.org-fhir-us-carin-CodeSystem-carin-bb-claiminformationcategory-referringnetworkcontractingstatus\"> </a><a href=\"CodeSystem-CARIN-BB-Claim-Information-Category.html#CARIN-BB-Claim-Information-Category-referringnetworkcontractingstatus\">referringnetworkcontractingstatus</a></td><td>referringnetworkcontractingstatus</td><td/></tr><tr><td style=\"white-space:nowrap\"><a name=\"http---hl7.org-fhir-us-carin-CodeSystem-carin-bb-claiminformationcategory-performingnetworkcontractingstatus\"> </a><a href=\"CodeSystem-CARIN-BB-Claim-Information-Category.html#CARIN-BB-Claim-Information-Category-performingnetworkcontractingstatus\">performingnetworkcontractingstatus</a></td><td>performingnetworkcontractingstatus</td><td/></tr><tr><td style=\"white-space:nowrap\"><a name=\"http---hl7.org-fhir-us-carin-CodeSystem-carin-bb-claiminformationcategory-prescribingnetworkcontractingstatus\"> </a><a href=\"CodeSystem-CARIN-BB-Claim-Information-Category.html#CARIN-BB-Claim-Information-Category-prescribingnetworkcontractingstatus\">prescribingnetworkcontractingstatus</a></td><td>prescribingnetworkcontractingstatus</td><td/></tr><tr><td style=\"white-space:nowrap\"><a name=\"http---hl7.org-fhir-us-carin-CodeSystem-carin-bb-claiminformationcategory-clmrecvddate\"> </a><a href=\"CodeSystem-CARIN-BB-Claim-Information-Category.html#CARIN-BB-Claim-Information-Category-clmrecvddate\">clmrecvddate</a></td><td>clmrecvddate</td><td/></tr><tr><td style=\"white-space:nowrap\"><a name=\"http---hl7.org-fhir-us-carin-CodeSystem-carin-bb-claiminformationcategory-typeofservice\"> </a><a href=\"CodeSystem-CARIN-BB-Claim-Information-Category.html#CARIN-BB-Claim-Information-Category-typeofservice\">typeofservice</a></td><td>typeofservice</td><td/></tr><tr><td style=\"white-space:nowrap\"><a name=\"http---hl7.org-fhir-us-carin-CodeSystem-carin-bb-claiminformationcategory-tob-typeoffacility\"> </a><a href=\"CodeSystem-CARIN-BB-Claim-Information-Category.html#CARIN-BB-Claim-Information-Category-tob-typeoffacility\">tob-typeoffacility</a></td><td>tob-typeoffacility</td><td/></tr><tr><td style=\"white-space:nowrap\"><a name=\"http---hl7.org-fhir-us-carin-CodeSystem-carin-bb-claiminformationcategory-tob-billclassification\"> </a><a href=\"CodeSystem-CARIN-BB-Claim-Information-Category.html#CARIN-BB-Claim-Information-Category-tob-billclassification\">tob-billclassification</a></td><td>tob-billclassification</td><td/></tr><tr><td style=\"white-space:nowrap\"><a name=\"http---hl7.org-fhir-us-carin-CodeSystem-carin-bb-claiminformationcategory-tob-frequency\"> </a><a href=\"CodeSystem-CARIN-BB-Claim-Information-Category.html#CARIN-BB-Claim-Information-Category-tob-frequency\">tob-frequency</a></td><td>tob-frequency</td><td/></tr><tr><td style=\"white-space:nowrap\"><a name=\"http---hl7.org-fhir-us-carin-CodeSystem-carin-bb-claiminformationcategory-admsrc\"> </a><a href=\"CodeSystem-CARIN-BB-Claim-Information-Category.html#CARIN-BB-Claim-Information-Category-admsrc\">admsrc</a></td><td>admsrc</td><td/></tr><tr><td style=\"white-space:nowrap\"><a name=\"http---hl7.org-fhir-us-carin-CodeSystem-carin-bb-claiminformationcategory-admtype\"> </a><a href=\"CodeSystem-CARIN-BB-Claim-Information-Category.html#CARIN-BB-Claim-Information-Category-admtype\">admtype</a></td><td>admtype</td><td/></tr><tr><td style=\"white-space:nowrap\"><a name=\"http---hl7.org-fhir-us-carin-CodeSystem-carin-bb-claiminformationcategory-discharge-status\"> </a><a href=\"CodeSystem-CARIN-BB-Claim-Information-Category.html#CARIN-BB-Claim-Information-Category-discharge-status\">discharge-status</a></td><td>discharge-status</td><td/></tr><tr><td style=\"white-space:nowrap\"><a name=\"http---hl7.org-fhir-us-carin-CodeSystem-carin-bb-claiminformationcategory-ms-drg\"> </a><a href=\"CodeSystem-CARIN-BB-Claim-Information-Category.html#CARIN-BB-Claim-Information-Category-ms-drg\">ms-drg</a></td><td>ms-drg</td><td/></tr><tr><td style=\"white-space:nowrap\"><a name=\"http---hl7.org-fhir-us-carin-CodeSystem-carin-bb-claiminformationcategory-placeofservice\"> </a><a href=\"CodeSystem-CARIN-BB-Claim-Information-Category.html#CARIN-BB-Claim-Information-Category-placeofservice\">placeofservice</a></td><td>placeofservice</td><td/></tr><tr><td style=\"white-space:nowrap\"><a name=\"http---hl7.org-fhir-us-carin-CodeSystem-carin-bb-claiminformationcategory-dayssupply\"> </a><a href=\"CodeSystem-CARIN-BB-Claim-Information-Category.html#CARIN-BB-Claim-Information-Category-dayssupply\">dayssupply</a></td><td>dayssupply</td><td/></tr><tr><td style=\"white-space:nowrap\"><a name=\"http---hl7.org-fhir-us-carin-CodeSystem-carin-bb-claiminformationcategory-dawcode\"> </a><a href=\"CodeSystem-CARIN-BB-Claim-Information-Category.html#CARIN-BB-Claim-Information-Category-dawcode\">dawcode</a></td><td>dawcode</td><td/></tr><tr><td style=\"white-space:nowrap\"><a name=\"http---hl7.org-fhir-us-carin-CodeSystem-carin-bb-claiminformationcategory-refillnum\"> </a><a href=\"CodeSystem-CARIN-BB-Claim-Information-Category.html#CARIN-BB-Claim-Information-Category-refillnum\">refillnum</a></td><td>refillnum</td><td/></tr><tr><td style=\"white-space:nowrap\"><a name=\"http---hl7.org-fhir-us-carin-CodeSystem-carin-bb-claiminformationcategory-rxorigincode\"> </a><a href=\"CodeSystem-CARIN-BB-Claim-Information-Category.html#CARIN-BB-Claim-Information-Category-rxorigincode\">rxorigincode</a></td><td>rxorigincode</td><td/></tr><tr><td style=\"white-space:nowrap\"><a name=\"http---hl7.org-fhir-us-carin-CodeSystem-carin-bb-claiminformationcategory-brandgenericcode\"> </a><a href=\"CodeSystem-CARIN-BB-Claim-Information-Category.html#CARIN-BB-Claim-Information-Category-brandgenericcode\">brandgenericcode</a></td><td>brandgenericcode</td><td/></tr></table></div>"
      },
      "url" : "http://hl7.org/fhir/us/carin/ValueSet/carin-bb-claiminformationcategory",
      "version" : "0.1.57-DRAFT",
      "name" : "CARINBBClaimInformationCategory",
      "title" : "CARIN Blue Button Claim Information Category Value Set",
      "status" : "draft",
      "date" : "2019-12-15T21:47:45-05:00",
      "expansion" : {
        "identifier" : "urn:uuid:213008c7-4ae5-434e-9b8b-6da52ef58f20",
        "timestamp" : "2019-12-15T21:50:03-05:00",
        "total" : 21,
        "parameter" : [{
          "name" : "excludeNested",
          "valueBoolean" : false
        },
        {
          "name" : "version",
          "valueUri" : "http://hl7.org/fhir/us/carin/CodeSystem/carin-bb-claiminformationcategory|0.1.57-DRAFT"
        }],
        "contains" : [{
          "system" : "http://hl7.org/fhir/us/carin/CodeSystem/carin-bb-claiminformationcategory",
          "code" : "billingnetworkcontractingstatus",
          "display" : "billingnetworkcontractingstatus"
        },
        {
          "system" : "http://hl7.org/fhir/us/carin/CodeSystem/carin-bb-claiminformationcategory",
          "code" : "attendingnetworkcontractingstatus",
          "display" : "attendingnetworkcontractingstatus"
        },
        {
          "system" : "http://hl7.org/fhir/us/carin/CodeSystem/carin-bb-claiminformationcategory",
          "code" : "sitenetworkcontractingstatus",
          "display" : "sitenetworkcontractingstatus"
        },
        {
          "system" : "http://hl7.org/fhir/us/carin/CodeSystem/carin-bb-claiminformationcategory",
          "code" : "referringnetworkcontractingstatus",
          "display" : "referringnetworkcontractingstatus"
        },
        {
          "system" : "http://hl7.org/fhir/us/carin/CodeSystem/carin-bb-claiminformationcategory",
          "code" : "performingnetworkcontractingstatus",
          "display" : "performingnetworkcontractingstatus"
        },
        {
          "system" : "http://hl7.org/fhir/us/carin/CodeSystem/carin-bb-claiminformationcategory",
          "code" : "prescribingnetworkcontractingstatus",
          "display" : "prescribingnetworkcontractingstatus"
        },
        {
          "system" : "http://hl7.org/fhir/us/carin/CodeSystem/carin-bb-claiminformationcategory",
          "code" : "clmrecvddate",
          "display" : "clmrecvddate"
        },
        {
          "system" : "http://hl7.org/fhir/us/carin/CodeSystem/carin-bb-claiminformationcategory",
          "code" : "typeofservice",
          "display" : "typeofservice"
        },
        {
          "system" : "http://hl7.org/fhir/us/carin/CodeSystem/carin-bb-claiminformationcategory",
          "code" : "tob-typeoffacility",
          "display" : "tob-typeoffacility"
        },
        {
          "system" : "http://hl7.org/fhir/us/carin/CodeSystem/carin-bb-claiminformationcategory",
          "code" : "tob-billclassification",
          "display" : "tob-billclassification"
        },
        {
          "system" : "http://hl7.org/fhir/us/carin/CodeSystem/carin-bb-claiminformationcategory",
          "code" : "tob-frequency",
          "display" : "tob-frequency"
        },
        {
          "system" : "http://hl7.org/fhir/us/carin/CodeSystem/carin-bb-claiminformationcategory",
          "code" : "admsrc",
          "display" : "admsrc"
        },
        {
          "system" : "http://hl7.org/fhir/us/carin/CodeSystem/carin-bb-claiminformationcategory",
          "code" : "admtype",
          "display" : "admtype"
        },
        {
          "system" : "http://hl7.org/fhir/us/carin/CodeSystem/carin-bb-claiminformationcategory",
          "code" : "discharge-status",
          "display" : "discharge-status"
        },
        {
          "system" : "http://hl7.org/fhir/us/carin/CodeSystem/carin-bb-claiminformationcategory",
          "code" : "ms-drg",
          "display" : "ms-drg"
        },
        {
          "system" : "http://hl7.org/fhir/us/carin/CodeSystem/carin-bb-claiminformationcategory",
          "code" : "placeofservice",
          "display" : "placeofservice"
        },
        {
          "system" : "http://hl7.org/fhir/us/carin/CodeSystem/carin-bb-claiminformationcategory",
          "code" : "dayssupply",
          "display" : "dayssupply"
        },
        {
          "system" : "http://hl7.org/fhir/us/carin/CodeSystem/carin-bb-claiminformationcategory",
          "code" : "dawcode",
          "display" : "dawcode"
        },
        {
          "system" : "http://hl7.org/fhir/us/carin/CodeSystem/carin-bb-claiminformationcategory",
          "code" : "refillnum",
          "display" : "refillnum"
        },
        {
          "system" : "http://hl7.org/fhir/us/carin/CodeSystem/carin-bb-claiminformationcategory",
          "code" : "rxorigincode",
          "display" : "rxorigincode"
        },
        {
          "system" : "http://hl7.org/fhir/us/carin/CodeSystem/carin-bb-claiminformationcategory",
          "code" : "brandgenericcode",
          "display" : "brandgenericcode"
        }]
      }
    }
  },
  {
    "fullUrl" : "http://hl7.org/fhir/us/carin/ValueSet/carin-bb-snomedct-procedurecodes",
    "resource" : {
      "resourceType" : "ValueSet",
      "id" : "CARIN-BB-SNOMEDCT-ProcedureCodes",
      "meta" : {
        "versionId" : "4",
        "lastUpdated" : "2019-07-28T19:15:57.000-04:00"
      },
      "text" : {
        "status" : "generated",
        "div" : "<div xmlns=\"http://www.w3.org/1999/xhtml\"><p style=\"border: maroon 1px solid; background-color: #FFCCCC; font-weight: bold; padding: 8px\">This value set cannot be expanded because of the way it is defined - it has an infinite number of members</p><p style=\"border: black 1px dotted; background-color: #EEEEEE; padding: 8px\">Expansion based on http://hl7.org/fhir/ValueSet/procedure-code version 4.0.1, SNOMED CT United States edition 01-Mar 2019</p><table class=\"codes\"><tr><td style=\"white-space:nowrap\"><b>Code</b></td><td><b>System</b></td><td><b>Display</b></td></tr></table></div>"
      },
      "url" : "http://hl7.org/fhir/us/carin/ValueSet/carin-bb-snomedct-procedurecodes",
      "version" : "0.1.57-DRAFT",
      "name" : "CARINBBSNOMEDCTProcedureCodes",
      "title" : "CARIN Blue Button SNOMEDCT Procedure Codes Value Set",
      "status" : "draft",
      "date" : "2019-12-15T21:47:45-05:00",
      "description" : "This value set includes codes from the following code systems:\n\nInclude codes from http://snomed.info/sct  where concept is-a 71388002 (Procedure)",
      "expansion" : {
        "extension" : [{
          "url" : "http://hl7.org/fhir/StructureDefinition/valueset-toocostly",
          "valueBoolean" : true
        }],
        "identifier" : "urn:uuid:b5e38838-fb33-4349-9a0f-9959eca1ff61",
        "timestamp" : "2019-12-15T21:50:30-05:00",
        "parameter" : [{
          "name" : "excludeNested",
          "valueBoolean" : false
        },
        {
          "name" : "version",
          "valueUri" : "http://hl7.org/fhir/ValueSet/procedure-code|4.0.1"
        },
        {
          "name" : "limitedExpansion",
          "valueString" : "-1"
        },
        {
          "name" : "version",
          "valueString" : "http://snomed.info/sct|http://snomed.info/sct/731000124108/version/20190301"
        }]
      }
    }
  },
  {
    "fullUrl" : "http://hl7.org/fhir/us/carin/ValueSet/carin-bb-adjudicationbenefitpaymentstatuscategory",
    "resource" : {
      "resourceType" : "ValueSet",
      "id" : "CARIN-BB-Adjudication-Benefit-Payment-Status-Category",
      "meta" : {
        "versionId" : "4",
        "lastUpdated" : "2019-11-30T04:16:33.000-05:00"
      },
      "text" : {
        "status" : "generated",
        "div" : "<div xmlns=\"http://www.w3.org/1999/xhtml\"><p>This value set contains 3 concepts</p><p style=\"border: black 1px dotted; background-color: #EEEEEE; padding: 8px\">Expansion based on http://hl7.org/fhir/us/carin/CodeSystem/carin-bb-adjudicationcategory version 0.1.57-DRAFT</p><p>All codes from system <a href=\"CodeSystem-CARIN-BB-Adjudication-Category.html\"><code>http://hl7.org/fhir/us/carin/CodeSystem/carin-bb-adjudicationcategory</code></a></p><table class=\"codes\"><tr><td style=\"white-space:nowrap\"><b>Code</b></td><td><b>Display</b></td><td><b>Definition</b></td></tr><tr><td style=\"white-space:nowrap\"><a name=\"http---hl7.org-fhir-us-carin-CodeSystem-carin-bb-adjudicationcategory-innetworkbenefitpaymentstatus\"> </a><a href=\"CodeSystem-CARIN-BB-Adjudication-Category.html#CARIN-BB-Adjudication-Category-innetworkbenefitpaymentstatus\">innetworkbenefitpaymentstatus</a></td><td>in network benefit payment status</td><td/></tr><tr><td style=\"white-space:nowrap\"><a name=\"http---hl7.org-fhir-us-carin-CodeSystem-carin-bb-adjudicationcategory-outofnetworkbenefitpaymentstatus\"> </a><a href=\"CodeSystem-CARIN-BB-Adjudication-Category.html#CARIN-BB-Adjudication-Category-outofnetworkbenefitpaymentstatus\">outofnetworkbenefitpaymentstatus</a></td><td>out of network benefit payment status</td><td/></tr><tr><td style=\"white-space:nowrap\"><a name=\"http---hl7.org-fhir-us-carin-CodeSystem-carin-bb-adjudicationcategory-otherbenefitpaymentstatus\"> </a><a href=\"CodeSystem-CARIN-BB-Adjudication-Category.html#CARIN-BB-Adjudication-Category-otherbenefitpaymentstatus\">otherbenefitpaymentstatus</a></td><td>other benefit payment status</td><td/></tr></table></div>"
      },
      "url" : "http://hl7.org/fhir/us/carin/ValueSet/carin-bb-adjudicationbenefitpaymentstatuscategory",
      "version" : "0.1.57-DRAFT",
      "name" : "CARINBBAdjudicationBenefitPaymentStatusCategory",
      "title" : "CARIN Blue Button Adjudication Benefit Payment Status Category Value Set",
      "status" : "draft",
      "date" : "2019-12-15T21:47:45-05:00",
      "expansion" : {
        "identifier" : "urn:uuid:5b33edd1-1389-47ad-8972-0ed21b443c3f",
        "timestamp" : "2019-12-15T21:51:31-05:00",
        "total" : 3,
        "parameter" : [{
          "name" : "excludeNested",
          "valueBoolean" : false
        },
        {
          "name" : "version",
          "valueUri" : "http://hl7.org/fhir/us/carin/CodeSystem/carin-bb-adjudicationcategory|0.1.57-DRAFT"
        }],
        "contains" : [{
          "system" : "http://hl7.org/fhir/us/carin/CodeSystem/carin-bb-adjudicationcategory",
          "code" : "innetworkbenefitpaymentstatus",
          "display" : "in network benefit payment status"
        },
        {
          "system" : "http://hl7.org/fhir/us/carin/CodeSystem/carin-bb-adjudicationcategory",
          "code" : "outofnetworkbenefitpaymentstatus",
          "display" : "out of network benefit payment status"
        },
        {
          "system" : "http://hl7.org/fhir/us/carin/CodeSystem/carin-bb-adjudicationcategory",
          "code" : "otherbenefitpaymentstatus",
          "display" : "other benefit payment status"
        }]
      }
    }
  },
  {
    "fullUrl" : "http://hl7.org/fhir/us/carin/ValueSet/carin-bb-adjudicationcategory",
    "resource" : {
      "resourceType" : "ValueSet",
      "id" : "CARIN-BB-Adjudication-Category",
      "meta" : {
        "versionId" : "5",
        "lastUpdated" : "2019-11-30T04:17:00.000-05:00"
      },
      "text" : {
        "status" : "generated",
        "div" : "<div xmlns=\"http://www.w3.org/1999/xhtml\"><p>This value set contains 15 concepts</p><p style=\"border: black 1px dotted; background-color: #EEEEEE; padding: 8px\">Expansion based on http://hl7.org/fhir/us/carin/CodeSystem/carin-bb-adjudicationcategory version 0.1.57-DRAFT</p><p>All codes from system <a href=\"CodeSystem-CARIN-BB-Adjudication-Category.html\"><code>http://hl7.org/fhir/us/carin/CodeSystem/carin-bb-adjudicationcategory</code></a></p><table class=\"codes\"><tr><td style=\"white-space:nowrap\"><b>Code</b></td><td><b>Display</b></td><td><b>Definition</b></td></tr><tr><td style=\"white-space:nowrap\"><a name=\"http---hl7.org-fhir-us-carin-CodeSystem-carin-bb-adjudicationcategory-benefitPaymentStatusCode\"> </a><a href=\"CodeSystem-CARIN-BB-Adjudication-Category.html#CARIN-BB-Adjudication-Category-benefitPaymentStatusCode\">benefitPaymentStatusCode</a></td><td>Benefit payment status code</td><td>Benefit payment status code</td></tr><tr><td style=\"white-space:nowrap\"><a name=\"http---hl7.org-fhir-us-carin-CodeSystem-carin-bb-adjudicationcategory-paymentDenialCode\"> </a><a href=\"CodeSystem-CARIN-BB-Adjudication-Category.html#CARIN-BB-Adjudication-Category-paymentDenialCode\">paymentDenialCode</a></td><td>Payment denial code</td><td>Payment Denial Code</td></tr><tr><td style=\"white-space:nowrap\"><a name=\"http---hl7.org-fhir-us-carin-CodeSystem-carin-bb-adjudicationcategory-submittedamount\"> </a><a href=\"CodeSystem-CARIN-BB-Adjudication-Category.html#CARIN-BB-Adjudication-Category-submittedamount\">submittedamount</a></td><td>submitted amount</td><td/></tr><tr><td style=\"white-space:nowrap\"><a name=\"http---hl7.org-fhir-us-carin-CodeSystem-carin-bb-adjudicationcategory-allowedamount\"> </a><a href=\"CodeSystem-CARIN-BB-Adjudication-Category.html#CARIN-BB-Adjudication-Category-allowedamount\">allowedamount</a></td><td>allowed amount</td><td/></tr><tr><td style=\"white-space:nowrap\"><a name=\"http---hl7.org-fhir-us-carin-CodeSystem-carin-bb-adjudicationcategory-deductibleamount\"> </a><a href=\"CodeSystem-CARIN-BB-Adjudication-Category.html#CARIN-BB-Adjudication-Category-deductibleamount\">deductibleamount</a></td><td>deductible amount</td><td/></tr><tr><td style=\"white-space:nowrap\"><a name=\"http---hl7.org-fhir-us-carin-CodeSystem-carin-bb-adjudicationcategory-coinsuranceamount\"> </a><a href=\"CodeSystem-CARIN-BB-Adjudication-Category.html#CARIN-BB-Adjudication-Category-coinsuranceamount\">coinsuranceamount</a></td><td>coinsurance amount</td><td/></tr><tr><td style=\"white-space:nowrap\"><a name=\"http---hl7.org-fhir-us-carin-CodeSystem-carin-bb-adjudicationcategory-copayamount\"> </a><a href=\"CodeSystem-CARIN-BB-Adjudication-Category.html#CARIN-BB-Adjudication-Category-copayamount\">copayamount</a></td><td>copay amount</td><td/></tr><tr><td style=\"white-space:nowrap\"><a name=\"http---hl7.org-fhir-us-carin-CodeSystem-carin-bb-adjudicationcategory-noncoveredamount\"> </a><a href=\"CodeSystem-CARIN-BB-Adjudication-Category.html#CARIN-BB-Adjudication-Category-noncoveredamount\">noncoveredamount</a></td><td>noncovered amount</td><td/></tr><tr><td style=\"white-space:nowrap\"><a name=\"http---hl7.org-fhir-us-carin-CodeSystem-carin-bb-adjudicationcategory-cobamount\"> </a><a href=\"CodeSystem-CARIN-BB-Adjudication-Category.html#CARIN-BB-Adjudication-Category-cobamount\">cobamount</a></td><td>cob amount</td><td/></tr><tr><td style=\"white-space:nowrap\"><a name=\"http---hl7.org-fhir-us-carin-CodeSystem-carin-bb-adjudicationcategory-paymentamount\"> </a><a href=\"CodeSystem-CARIN-BB-Adjudication-Category.html#CARIN-BB-Adjudication-Category-paymentamount\">paymentamount</a></td><td>payment amount</td><td/></tr><tr><td style=\"white-space:nowrap\"><a name=\"http---hl7.org-fhir-us-carin-CodeSystem-carin-bb-adjudicationcategory-patientpayamount\"> </a><a href=\"CodeSystem-CARIN-BB-Adjudication-Category.html#CARIN-BB-Adjudication-Category-patientpayamount\">patientpayamount</a></td><td>patient pay amount</td><td/></tr><tr><td style=\"white-space:nowrap\"><a name=\"http---hl7.org-fhir-us-carin-CodeSystem-carin-bb-adjudicationcategory-denialreason\"> </a><a href=\"CodeSystem-CARIN-BB-Adjudication-Category.html#CARIN-BB-Adjudication-Category-denialreason\">denialreason</a></td><td>payment denial reason</td><td/></tr><tr><td style=\"white-space:nowrap\"><a name=\"http---hl7.org-fhir-us-carin-CodeSystem-carin-bb-adjudicationcategory-innetworkbenefitpaymentstatus\"> </a><a href=\"CodeSystem-CARIN-BB-Adjudication-Category.html#CARIN-BB-Adjudication-Category-innetworkbenefitpaymentstatus\">innetworkbenefitpaymentstatus</a></td><td>in network benefit payment status</td><td/></tr><tr><td style=\"white-space:nowrap\"><a name=\"http---hl7.org-fhir-us-carin-CodeSystem-carin-bb-adjudicationcategory-outofnetworkbenefitpaymentstatus\"> </a><a href=\"CodeSystem-CARIN-BB-Adjudication-Category.html#CARIN-BB-Adjudication-Category-outofnetworkbenefitpaymentstatus\">outofnetworkbenefitpaymentstatus</a></td><td>out of network benefit payment status</td><td/></tr><tr><td style=\"white-space:nowrap\"><a name=\"http---hl7.org-fhir-us-carin-CodeSystem-carin-bb-adjudicationcategory-otherbenefitpaymentstatus\"> </a><a href=\"CodeSystem-CARIN-BB-Adjudication-Category.html#CARIN-BB-Adjudication-Category-otherbenefitpaymentstatus\">otherbenefitpaymentstatus</a></td><td>other benefit payment status</td><td/></tr></table></div>"
      },
      "url" : "http://hl7.org/fhir/us/carin/ValueSet/carin-bb-adjudicationcategory",
      "version" : "0.1.57-DRAFT",
      "name" : "CARINBBAdjudicationCategory",
      "title" : "CARIN Blue Button Claim Adjudication Category Value Set",
      "status" : "draft",
      "date" : "2019-12-15T21:47:45-05:00",
      "expansion" : {
        "identifier" : "urn:uuid:fb8312a7-0c5e-42e0-b88a-ff8b53bafcbf",
        "timestamp" : "2019-12-15T21:51:32-05:00",
        "total" : 15,
        "parameter" : [{
          "name" : "excludeNested",
          "valueBoolean" : false
        },
        {
          "name" : "version",
          "valueUri" : "http://hl7.org/fhir/us/carin/CodeSystem/carin-bb-adjudicationcategory|0.1.57-DRAFT"
        }],
        "contains" : [{
          "system" : "http://hl7.org/fhir/us/carin/CodeSystem/carin-bb-adjudicationcategory",
          "code" : "benefitPaymentStatusCode",
          "display" : "Benefit payment status code"
        },
        {
          "system" : "http://hl7.org/fhir/us/carin/CodeSystem/carin-bb-adjudicationcategory",
          "code" : "paymentDenialCode",
          "display" : "Payment denial code"
        },
        {
          "system" : "http://hl7.org/fhir/us/carin/CodeSystem/carin-bb-adjudicationcategory",
          "code" : "submittedamount",
          "display" : "submitted amount"
        },
        {
          "system" : "http://hl7.org/fhir/us/carin/CodeSystem/carin-bb-adjudicationcategory",
          "code" : "allowedamount",
          "display" : "allowed amount"
        },
        {
          "system" : "http://hl7.org/fhir/us/carin/CodeSystem/carin-bb-adjudicationcategory",
          "code" : "deductibleamount",
          "display" : "deductible amount"
        },
        {
          "system" : "http://hl7.org/fhir/us/carin/CodeSystem/carin-bb-adjudicationcategory",
          "code" : "coinsuranceamount",
          "display" : "coinsurance amount"
        },
        {
          "system" : "http://hl7.org/fhir/us/carin/CodeSystem/carin-bb-adjudicationcategory",
          "code" : "copayamount",
          "display" : "copay amount"
        },
        {
          "system" : "http://hl7.org/fhir/us/carin/CodeSystem/carin-bb-adjudicationcategory",
          "code" : "noncoveredamount",
          "display" : "noncovered amount"
        },
        {
          "system" : "http://hl7.org/fhir/us/carin/CodeSystem/carin-bb-adjudicationcategory",
          "code" : "cobamount",
          "display" : "cob amount"
        },
        {
          "system" : "http://hl7.org/fhir/us/carin/CodeSystem/carin-bb-adjudicationcategory",
          "code" : "paymentamount",
          "display" : "payment amount"
        },
        {
          "system" : "http://hl7.org/fhir/us/carin/CodeSystem/carin-bb-adjudicationcategory",
          "code" : "patientpayamount",
          "display" : "patient pay amount"
        },
        {
          "system" : "http://hl7.org/fhir/us/carin/CodeSystem/carin-bb-adjudicationcategory",
          "code" : "denialreason",
          "display" : "payment denial reason"
        },
        {
          "system" : "http://hl7.org/fhir/us/carin/CodeSystem/carin-bb-adjudicationcategory",
          "code" : "innetworkbenefitpaymentstatus",
          "display" : "in network benefit payment status"
        },
        {
          "system" : "http://hl7.org/fhir/us/carin/CodeSystem/carin-bb-adjudicationcategory",
          "code" : "outofnetworkbenefitpaymentstatus",
          "display" : "out of network benefit payment status"
        },
        {
          "system" : "http://hl7.org/fhir/us/carin/CodeSystem/carin-bb-adjudicationcategory",
          "code" : "otherbenefitpaymentstatus",
          "display" : "other benefit payment status"
        }]
      }
    }
  },
  {
    "fullUrl" : "http://hl7.org/fhir/us/carin/ValueSet/carin-bb-identifier-type",
    "resource" : {
      "resourceType" : "ValueSet",
      "id" : "CARIN-BB-Identifier-Type",
      "meta" : {
        "versionId" : "6",
        "lastUpdated" : "2019-12-01T22:49:55.000-05:00"
      },
      "text" : {
        "status" : "generated",
        "div" : "<div xmlns=\"http://www.w3.org/1999/xhtml\"><p>This value set contains 29 concepts</p><p style=\"border: black 1px dotted; background-color: #EEEEEE; padding: 8px\">Expansion based on http://hl7.org/fhir/ValueSet/identifier-type version 4.0.1, http://terminology.hl7.org/CodeSystem/v2-0203 version 2.9</p><p>All codes from system <a href=\"http://hl7.org/fhir/R4/v2/0203/index.html\"><code>http://terminology.hl7.org/CodeSystem/v2-0203</code></a></p><table class=\"codes\"><tr><td style=\"white-space:nowrap\"><b>Code</b></td><td><b>Display</b></td><td><b>Definition</b></td></tr><tr><td style=\"white-space:nowrap\"><a name=\"http---terminology.hl7.org-CodeSystem-v2-0203-MB\"> </a><a href=\"http://hl7.org/fhir/R4/v2/0203/index.html#v2-0203-MB\">MB</a></td><td>Member Number</td><td/></tr><tr><td style=\"white-space:nowrap\"><a name=\"http---terminology.hl7.org-CodeSystem-v2-0203-PT\"> </a><a href=\"http://hl7.org/fhir/R4/v2/0203/index.html#v2-0203-PT\">PT</a></td><td>Patient External Identifier</td><td/></tr><tr><td style=\"white-space:nowrap\"><a name=\"http---terminology.hl7.org-CodeSystem-v2-0203-MA\"> </a><a href=\"http://hl7.org/fhir/R4/v2/0203/index.html#v2-0203-MA\">MA</a></td><td>Patient Medicaid Number</td><td/></tr><tr><td style=\"white-space:nowrap\"><a name=\"http---terminology.hl7.org-CodeSystem-v2-0203-MC\"> </a><a href=\"http://hl7.org/fhir/R4/v2/0203/index.html#v2-0203-MC\">MC</a></td><td>Patient's Medicare Number</td><td/></tr><tr><td style=\"white-space:nowrap\"><a name=\"http---terminology.hl7.org-CodeSystem-v2-0203-SN\"> </a><a href=\"http://hl7.org/fhir/R4/v2/0203/index.html#v2-0203-SN\">SN</a></td><td>Subscriber Number</td><td/></tr><tr><td style=\"white-space:nowrap\"><a name=\"http---terminology.hl7.org-CodeSystem-v2-0203-NH\"> </a><a href=\"http://hl7.org/fhir/R4/v2/0203/index.html#v2-0203-NH\">NH</a></td><td>National Health Plan Identifier</td><td/></tr><tr><td style=\"white-space:nowrap\"><a name=\"http---terminology.hl7.org-CodeSystem-v2-0203-NPI\"> </a><a href=\"http://hl7.org/fhir/R4/v2/0203/index.html#v2-0203-NPI\">NPI</a></td><td>National provider identifier</td><td/></tr><tr><td style=\"white-space:nowrap\"><a name=\"http---terminology.hl7.org-CodeSystem-v2-0203-MCD\"> </a><a href=\"http://hl7.org/fhir/R4/v2/0203/index.html#v2-0203-MCD\">MCD</a></td><td>Practitioner Medicaid number</td><td/></tr><tr><td style=\"white-space:nowrap\"><a name=\"http---terminology.hl7.org-CodeSystem-v2-0203-MCR\"> </a><a href=\"http://hl7.org/fhir/R4/v2/0203/index.html#v2-0203-MCR\">MCR</a></td><td>Practitioner Medicare number</td><td/></tr><tr><td style=\"white-space:nowrap\"><a name=\"http---terminology.hl7.org-CodeSystem-v2-0203-PPIN\"> </a><a href=\"http://hl7.org/fhir/R4/v2/0203/index.html#v2-0203-PPIN\">PPIN</a></td><td>Medicare/CMS Performing Provider Identification Number</td><td/></tr><tr><td style=\"white-space:nowrap\"><a name=\"http---terminology.hl7.org-CodeSystem-v2-0203-UPIN\"> </a><a href=\"http://hl7.org/fhir/R4/v2/0203/index.html#v2-0203-UPIN\">UPIN</a></td><td>Medicare/CMS (formerly HCFA)'s Universal Physician Identification numbers</td><td/></tr><tr><td style=\"white-space:nowrap\"><a name=\"http---terminology.hl7.org-CodeSystem-v2-0203-ACSN\"> </a><a href=\"http://hl7.org/fhir/R4/v2/0203/index.html#v2-0203-ACSN\">ACSN</a></td><td>Accession ID</td><td/></tr><tr><td style=\"white-space:nowrap\"><a name=\"http---terminology.hl7.org-CodeSystem-v2-0203-BRN\"> </a><a href=\"http://hl7.org/fhir/R4/v2/0203/index.html#v2-0203-BRN\">BRN</a></td><td>Breed Registry Number</td><td/></tr><tr><td style=\"white-space:nowrap\"><a name=\"http---terminology.hl7.org-CodeSystem-v2-0203-DL\"> </a><a href=\"http://hl7.org/fhir/R4/v2/0203/index.html#v2-0203-DL\">DL</a></td><td>Driver's license number</td><td/></tr><tr><td style=\"white-space:nowrap\"><a name=\"http---terminology.hl7.org-CodeSystem-v2-0203-DR\"> </a><a href=\"http://hl7.org/fhir/R4/v2/0203/index.html#v2-0203-DR\">DR</a></td><td>Donor Registration Number</td><td/></tr><tr><td style=\"white-space:nowrap\"><a name=\"http---terminology.hl7.org-CodeSystem-v2-0203-EN\"> </a><a href=\"http://hl7.org/fhir/R4/v2/0203/index.html#v2-0203-EN\">EN</a></td><td>Employer number</td><td/></tr><tr><td style=\"white-space:nowrap\"><a name=\"http---terminology.hl7.org-CodeSystem-v2-0203-FILL\"> </a><a href=\"http://hl7.org/fhir/R4/v2/0203/index.html#v2-0203-FILL\">FILL</a></td><td>Filler Identifier</td><td/></tr><tr><td style=\"white-space:nowrap\"><a name=\"http---terminology.hl7.org-CodeSystem-v2-0203-JHN\"> </a><a href=\"http://hl7.org/fhir/R4/v2/0203/index.html#v2-0203-JHN\">JHN</a></td><td>Jurisdictional health number (Canada)</td><td/></tr><tr><td style=\"white-space:nowrap\"><a name=\"http---terminology.hl7.org-CodeSystem-v2-0203-MCN\"> </a><a href=\"http://hl7.org/fhir/R4/v2/0203/index.html#v2-0203-MCN\">MCN</a></td><td>Microchip Number</td><td/></tr><tr><td style=\"white-space:nowrap\"><a name=\"http---terminology.hl7.org-CodeSystem-v2-0203-MD\"> </a><a href=\"http://hl7.org/fhir/R4/v2/0203/index.html#v2-0203-MD\">MD</a></td><td>Medical License number</td><td/></tr><tr><td style=\"white-space:nowrap\"><a name=\"http---terminology.hl7.org-CodeSystem-v2-0203-MR\"> </a><a href=\"http://hl7.org/fhir/R4/v2/0203/index.html#v2-0203-MR\">MR</a></td><td>Medical record number</td><td/></tr><tr><td style=\"white-space:nowrap\"><a name=\"http---terminology.hl7.org-CodeSystem-v2-0203-NIIP\"> </a><a href=\"http://hl7.org/fhir/R4/v2/0203/index.html#v2-0203-NIIP\">NIIP</a></td><td>National Insurance Payor Identifier (Payor)</td><td/></tr><tr><td style=\"white-space:nowrap\"><a name=\"http---terminology.hl7.org-CodeSystem-v2-0203-PLAC\"> </a><a href=\"http://hl7.org/fhir/R4/v2/0203/index.html#v2-0203-PLAC\">PLAC</a></td><td>Placer Identifier</td><td/></tr><tr><td style=\"white-space:nowrap\"><a name=\"http---terminology.hl7.org-CodeSystem-v2-0203-PPN\"> </a><a href=\"http://hl7.org/fhir/R4/v2/0203/index.html#v2-0203-PPN\">PPN</a></td><td>Passport number</td><td/></tr><tr><td style=\"white-space:nowrap\"><a name=\"http---terminology.hl7.org-CodeSystem-v2-0203-PRN\"> </a><a href=\"http://hl7.org/fhir/R4/v2/0203/index.html#v2-0203-PRN\">PRN</a></td><td>Provider number</td><td/></tr><tr><td style=\"white-space:nowrap\"><a name=\"http---terminology.hl7.org-CodeSystem-v2-0203-SB\"> </a><a href=\"http://hl7.org/fhir/R4/v2/0203/index.html#v2-0203-SB\">SB</a></td><td>Social Beneficiary Identifier</td><td/></tr><tr><td style=\"white-space:nowrap\"><a name=\"http---terminology.hl7.org-CodeSystem-v2-0203-SNO\"> </a><a href=\"http://hl7.org/fhir/R4/v2/0203/index.html#v2-0203-SNO\">SNO</a></td><td>Serial Number</td><td/></tr><tr><td style=\"white-space:nowrap\"><a name=\"http---terminology.hl7.org-CodeSystem-v2-0203-TAX\"> </a><a href=\"http://hl7.org/fhir/R4/v2/0203/index.html#v2-0203-TAX\">TAX</a></td><td>Tax ID number</td><td/></tr><tr><td style=\"white-space:nowrap\"><a name=\"http---terminology.hl7.org-CodeSystem-v2-0203-UDI\"> </a><a href=\"http://hl7.org/fhir/R4/v2/0203/index.html#v2-0203-UDI\">UDI</a></td><td>Universal Device Identifier</td><td/></tr></table></div>"
      },
      "url" : "http://hl7.org/fhir/us/carin/ValueSet/carin-bb-identifier-type",
      "version" : "0.1.57-DRAFT",
      "name" : "CARINBBIdentifierType",
      "title" : "CARIN Blue Button Identifier Type Value Set",
      "status" : "draft",
      "date" : "2019-12-15T21:47:45-05:00",
      "expansion" : {
        "identifier" : "urn:uuid:07a2251e-d428-434d-be68-61355c5011a8",
        "timestamp" : "2019-12-15T21:51:46-05:00",
        "total" : 29,
        "parameter" : [{
          "name" : "excludeNested",
          "valueBoolean" : false
        },
        {
          "name" : "version",
          "valueUri" : "http://terminology.hl7.org/CodeSystem/v2-0203|2.9"
        },
        {
          "name" : "version",
          "valueUri" : "http://hl7.org/fhir/ValueSet/identifier-type|4.0.1"
        }],
        "contains" : [{
          "system" : "http://terminology.hl7.org/CodeSystem/v2-0203",
          "code" : "MB",
          "display" : "Member Number"
        },
        {
          "system" : "http://terminology.hl7.org/CodeSystem/v2-0203",
          "code" : "PT",
          "display" : "Patient External Identifier"
        },
        {
          "system" : "http://terminology.hl7.org/CodeSystem/v2-0203",
          "code" : "MA",
          "display" : "Patient Medicaid Number"
        },
        {
          "system" : "http://terminology.hl7.org/CodeSystem/v2-0203",
          "code" : "MC",
          "display" : "Patient's Medicare Number"
        },
        {
          "system" : "http://terminology.hl7.org/CodeSystem/v2-0203",
          "code" : "SN",
          "display" : "Subscriber Number"
        },
        {
          "system" : "http://terminology.hl7.org/CodeSystem/v2-0203",
          "code" : "NH",
          "display" : "National Health Plan Identifier"
        },
        {
          "system" : "http://terminology.hl7.org/CodeSystem/v2-0203",
          "code" : "NPI",
          "display" : "National provider identifier"
        },
        {
          "system" : "http://terminology.hl7.org/CodeSystem/v2-0203",
          "code" : "MCD",
          "display" : "Practitioner Medicaid number"
        },
        {
          "system" : "http://terminology.hl7.org/CodeSystem/v2-0203",
          "code" : "MCR",
          "display" : "Practitioner Medicare number"
        },
        {
          "system" : "http://terminology.hl7.org/CodeSystem/v2-0203",
          "code" : "PPIN",
          "display" : "Medicare/CMS Performing Provider Identification Number"
        },
        {
          "system" : "http://terminology.hl7.org/CodeSystem/v2-0203",
          "code" : "UPIN",
          "display" : "Medicare/CMS (formerly HCFA)'s Universal Physician Identification numbers"
        },
        {
          "system" : "http://terminology.hl7.org/CodeSystem/v2-0203",
          "code" : "ACSN",
          "display" : "Accession ID"
        },
        {
          "system" : "http://terminology.hl7.org/CodeSystem/v2-0203",
          "code" : "BRN",
          "display" : "Breed Registry Number"
        },
        {
          "system" : "http://terminology.hl7.org/CodeSystem/v2-0203",
          "code" : "DL",
          "display" : "Driver's license number"
        },
        {
          "system" : "http://terminology.hl7.org/CodeSystem/v2-0203",
          "code" : "DR",
          "display" : "Donor Registration Number"
        },
        {
          "system" : "http://terminology.hl7.org/CodeSystem/v2-0203",
          "code" : "EN",
          "display" : "Employer number"
        },
        {
          "system" : "http://terminology.hl7.org/CodeSystem/v2-0203",
          "code" : "FILL",
          "display" : "Filler Identifier"
        },
        {
          "system" : "http://terminology.hl7.org/CodeSystem/v2-0203",
          "code" : "JHN",
          "display" : "Jurisdictional health number (Canada)"
        },
        {
          "system" : "http://terminology.hl7.org/CodeSystem/v2-0203",
          "code" : "MCN",
          "display" : "Microchip Number"
        },
        {
          "system" : "http://terminology.hl7.org/CodeSystem/v2-0203",
          "code" : "MD",
          "display" : "Medical License number"
        },
        {
          "system" : "http://terminology.hl7.org/CodeSystem/v2-0203",
          "code" : "MR",
          "display" : "Medical record number"
        },
        {
          "system" : "http://terminology.hl7.org/CodeSystem/v2-0203",
          "code" : "NIIP",
          "display" : "National Insurance Payor Identifier (Payor)"
        },
        {
          "system" : "http://terminology.hl7.org/CodeSystem/v2-0203",
          "code" : "PLAC",
          "display" : "Placer Identifier"
        },
        {
          "system" : "http://terminology.hl7.org/CodeSystem/v2-0203",
          "code" : "PPN",
          "display" : "Passport number"
        },
        {
          "system" : "http://terminology.hl7.org/CodeSystem/v2-0203",
          "code" : "PRN",
          "display" : "Provider number"
        },
        {
          "system" : "http://terminology.hl7.org/CodeSystem/v2-0203",
          "code" : "SB",
          "display" : "Social Beneficiary Identifier"
        },
        {
          "system" : "http://terminology.hl7.org/CodeSystem/v2-0203",
          "code" : "SNO",
          "display" : "Serial Number"
        },
        {
          "system" : "http://terminology.hl7.org/CodeSystem/v2-0203",
          "code" : "TAX",
          "display" : "Tax ID number"
        },
        {
          "system" : "http://terminology.hl7.org/CodeSystem/v2-0203",
          "code" : "UDI",
          "display" : "Universal Device Identifier"
        }]
      }
    }
  }]
}