{
  "resourceType": "ImplementationGuide",
  "id": "hl7.fhir.us.carin-bb-0.1.34",
  "meta": {
    "versionId": "124",
    "lastUpdated": "2019-07-30T01:38:25.000-04:00",
    "security": [
      {
        "system": "https://trifolia-fhir.lantanagroup.com/security",
        "code": "everyone^write"
      },
      {
        "system": "https://trifolia-fhir.lantanagroup.com/security",
        "code": "everyone^read"
      }
    ]
  },
  "text": {
    "status": "generated",
    "div": "<div xmlns=\"http://www.w3.org/1999/xhtml\"><h2>CARINBlueButton</h2><p>The official URL for this implementation guide is: </p><pre>http://hl7.org/fhir/us/carin-bb/ImplementationGuide/carin-bb</pre><div><p><strong>CARIN Alliance</strong>\n<em>Enabling consumers and their authorized caregivers to access more of their digital health information with less friction.</em></p>\n<p>This implementation guide describes the CARIN Alliance Blue Button 2.0 Framework and Common Payer Consumer Data Set (CPCDS), providing a set of resources that payers can display to consumers via a FHIR API.</p>\n<p>See the <a href=\"toc.html\">Table of Contents</a> for more information.</p>\n<h4>Latest Changes</h4>\n<ul>\n<li>(34) Removed Credits and added USCore Patient based CARINBBPatient profile</li>\n<li>(33) Removed mapping page content and created new pages for Coverage, Patient, Comprehensive, and Data Index (to match spreadsheet); added content from spreadsheet to the pages</li>\n<li>(32) Added 4 specific EOB and 1 Coverage profiles</li>\n<li>(31) Removed mapping pages for Claim, Claim LIne, Diagnosis, Procedure, Member and Coverage; removed 10 EOB profile stubs and replaced with 1 base profile</li>\n<li>(30) Added pages to hold mappings for EOB Inpatient Facility, EOB Outpatient Facility, EOB Professional/Non-Clinician, and EOB Pharmacy</li>\n<li>(29) Updated Provider and Claim Line Amounts mappings.</li>\n<li>(28) Removed references to flat file format.  Combined CPCDS format and mapping sections. Updated sample reverse mapping.</li>\n<li>(27) Replaced 6 EOB profiles (one per claim type) with 10 EOB profiles (one per claim/subclaim type, flattened). Renamed things with new naming convention.</li>\n<li>(26) Added sample of reverse mapping narrative for ExplanationOfBenefit</li>\n<li>(25) Added FHIR Resources section to narrative and included Example EOB.</li>\n<li>(24) Replaced EOB profile with one EOB profile for each claim type. Added Business Rules page as a placeholder.</li>\n<li>(23) Added the Latest Changes section. Added USCoreR4 Dependency.</li>\n</ul>\n</div></div>"
  },
  "url": "http://hl7.org/fhir/us/carin-bb/ImplementationGuide/carin-bb",
  "version": "0.1.34",
  "name": "CARINBlueButton",
  "title": "CARIN Blue Button",
  "status": "draft",
  "experimental": true,
  "publisher": "CARIN Alliance",
  "description": " **CARIN Alliance** \n*Enabling consumers and their authorized caregivers to access more of their digital health information with less friction.*\n\nThis implementation guide describes the CARIN Alliance Blue Button 2.0 Framework and Common Payer Consumer Data Set (CPCDS), providing a set of resources that payers can display to consumers via a FHIR API.\n\nSee the [Table of Contents](toc.html) for more information.\n\n#### Latest Changes\n- (34) Removed Credits and added USCore Patient based CARINBBPatient profile\n- (33) Removed mapping page content and created new pages for Coverage, Patient, Comprehensive, and Data Index (to match spreadsheet); added content from spreadsheet to the pages\n- (32) Added 4 specific EOB and 1 Coverage profiles\n- (31) Removed mapping pages for Claim, Claim LIne, Diagnosis, Procedure, Member and Coverage; removed 10 EOB profile stubs and replaced with 1 base profile\n- (30) Added pages to hold mappings for EOB Inpatient Facility, EOB Outpatient Facility, EOB Professional/Non-Clinician, and EOB Pharmacy\n- (29) Updated Provider and Claim Line Amounts mappings.\n- (28) Removed references to flat file format.  Combined CPCDS format and mapping sections. Updated sample reverse mapping.\n- (27) Replaced 6 EOB profiles (one per claim type) with 10 EOB profiles (one per claim/subclaim type, flattened). Renamed things with new naming convention.\n- (26) Added sample of reverse mapping narrative for ExplanationOfBenefit\n- (25) Added FHIR Resources section to narrative and included Example EOB.\n- (24) Replaced EOB profile with one EOB profile for each claim type. Added Business Rules page as a placeholder.\n- (23) Added the Latest Changes section. Added USCoreR4 Dependency.\n\n\n\n\n",
  "packageId": "hl7.fhir.us.carin-bb",
  "license": "CC0-1.0",
  "fhirVersion": [
    "4.0.0"
  ],
  "dependsOn": [
    {
      "uri": "http://hl7.org/fhir/us/core/ImplementationGuide/hl7.fhir.us.core.r4-4.0.0",
      "packageId": "hl7.fhir.us.core",
      "version": "current"
    }
  ],
  "definition": {
    "resource": [
      {
        "extension": [
          {
            "url": "http://hl7.org/fhir/StructureDefinition/implementationguide-page",
            "valueUri": "StructureDefinition-CARIN-BB-ExplanationOfBenefit.html"
          }
        ],
        "reference": {
          "reference": "StructureDefinition/CARIN-BB-ExplanationOfBenefit",
          "display": "CARINBBExplanationOfBenefit"
        },
        "name": "CARINBBExplanationOfBenefit",
        "description": "eob comprehensive profile",
        "exampleBoolean": false
      },
      {
        "extension": [
          {
            "url": "http://hl7.org/fhir/StructureDefinition/implementationguide-page",
            "valueUri": "StructureDefinition-CARIN-BB-ExplanationOfBenefit-Outpatient-Facility.html"
          }
        ],
        "reference": {
          "reference": "StructureDefinition/CARIN-BB-ExplanationOfBenefit-Outpatient-Facility",
          "display": "CARINBBExplanationOfBenefitOutpatientFacility"
        },
        "name": "CARINBBExplanationOfBenefitOutpatientFacility",
        "description": "eob outpatient profile",
        "exampleBoolean": false
      },
      {
        "extension": [
          {
            "url": "http://hl7.org/fhir/StructureDefinition/implementationguide-page",
            "valueUri": "CodeSystem-CARIN-BB-Claim-Information-Category.html"
          }
        ],
        "reference": {
          "reference": "CodeSystem/CARIN-BB-Claim-Information-Category",
          "display": "CARINBBClaimInformationCategory"
        },
        "name": "CARINBBClaimInformationCategory",
        "description": "codesystem: claim information category",
        "exampleBoolean": false
      },
      {
        "extension": [
          {
            "url": "http://hl7.org/fhir/StructureDefinition/implementationguide-page",
            "valueUri": "StructureDefinition-CARIN-BB-ExplanationOfBenefit-Pharmacy.html"
          }
        ],
        "reference": {
          "reference": "StructureDefinition/CARIN-BB-ExplanationOfBenefit-Pharmacy",
          "display": "CARINBBExplanationOfBenefitPharmacy"
        },
        "name": "CARINBBExplanationOfBenefitPharmacy",
        "description": "eob pharmacy profile",
        "exampleBoolean": false
      },
      {
        "extension": [
          {
            "url": "http://hl7.org/fhir/StructureDefinition/implementationguide-page",
            "valueUri": "ValueSet-CARIN-BB-Related-Claim-Relationship.html"
          }
        ],
        "reference": {
          "reference": "ValueSet/CARIN-BB-Related-Claim-Relationship",
          "display": "CARINBBRelatedClaimRelationship"
        },
        "name": "CARINBBRelatedClaimRelationship",
        "description": "value set: claim relationship",
        "exampleBoolean": false
      },
      {
        "extension": [
          {
            "url": "http://hl7.org/fhir/StructureDefinition/implementationguide-page",
            "valueUri": "StructureDefinition-carin-bb-Coverage.html"
          }
        ],
        "reference": {
          "reference": "StructureDefinition/carin-bb-Coverage",
          "display": "CARINBBCoverage"
        },
        "name": "CARINBBCoverage",
        "description": "coverage profile",
        "exampleBoolean": false
      },
      {
        "extension": [
          {
            "url": "http://hl7.org/fhir/StructureDefinition/implementationguide-page",
            "valueUri": "StructureDefinition-CARIN-BB-ExplanationOfBenefit-Inpatient-Facility.html"
          }
        ],
        "reference": {
          "reference": "StructureDefinition/CARIN-BB-ExplanationOfBenefit-Inpatient-Facility",
          "display": "CARINBBExplanationOfBenefitInpatientFacility"
        },
        "name": "CARINBBExplanationOfBenefitInpatientFacility",
        "description": "eob inpatient profile",
        "exampleBoolean": false
      },
      {
        "extension": [
          {
            "url": "http://hl7.org/fhir/StructureDefinition/implementationguide-page",
            "valueUri": "ValueSet-CARIN-BB-Claim-Type.html"
          }
        ],
        "reference": {
          "reference": "ValueSet/CARIN-BB-Claim-Type",
          "display": "CARINBBClaimType"
        },
        "name": "CARINBBClaimType",
        "exampleBoolean": false
      },
      {
        "extension": [
          {
            "url": "http://hl7.org/fhir/StructureDefinition/implementationguide-page",
            "valueUri": "CodeSystem-CARIN-BB-Claim-Type.html"
          }
        ],
        "reference": {
          "reference": "CodeSystem/CARIN-BB-Claim-Type",
          "display": "CARINBBClaimType"
        },
        "name": "CARINBBClaimType",
        "exampleBoolean": false
      },
      {
        "extension": [
          {
            "url": "http://hl7.org/fhir/StructureDefinition/implementationguide-page",
            "valueUri": "CodeSystem-CARIN-BB-Related-Claim-Relationship.html"
          }
        ],
        "reference": {
          "reference": "CodeSystem/CARIN-BB-Related-Claim-Relationship",
          "display": "CARINBBRelatedClaimRelationship"
        },
        "name": "CARINBBRelatedClaimRelationship",
        "exampleBoolean": false
      },
      {
        "extension": [
          {
            "url": "http://hl7.org/fhir/StructureDefinition/implementationguide-page",
            "valueUri": "ValueSet-CARIN-BB-Claim-CareTeam-Role.html"
          }
        ],
        "reference": {
          "reference": "ValueSet/CARIN-BB-Claim-CareTeam-Role",
          "display": "CARINBBClaimCareTeamRole"
        },
        "name": "CARINBBClaimCareTeamRole",
        "exampleBoolean": false
      },
      {
        "extension": [
          {
            "url": "http://hl7.org/fhir/StructureDefinition/implementationguide-page",
            "valueUri": "CodeSystem-CARIN-BB-Claim-CareTeam-Role.html"
          }
        ],
        "reference": {
          "reference": "CodeSystem/CARIN-BB-Claim-CareTeam-Role",
          "display": "CARINBBClaimCareTeamRole"
        },
        "name": "CARINBBClaimCareTeamRole",
        "exampleBoolean": false
      },
      {
        "extension": [
          {
            "url": "http://hl7.org/fhir/StructureDefinition/implementationguide-page",
            "valueUri": "ValueSet-CARIN-BB-DiagnosisType.html"
          }
        ],
        "reference": {
          "reference": "ValueSet/CARIN-BB-DiagnosisType",
          "display": "CARINBBDiagnosisType"
        },
        "name": "CARINBBDiagnosisType",
        "exampleBoolean": false
      },
      {
        "extension": [
          {
            "url": "http://hl7.org/fhir/StructureDefinition/implementationguide-page",
            "valueUri": "ValueSet-CARIN-BB-Revenue-Center.html"
          }
        ],
        "reference": {
          "reference": "ValueSet/CARIN-BB-Revenue-Center",
          "display": "CARINBBRevenueCenter"
        },
        "name": "CARINBBRevenueCenter",
        "exampleBoolean": false
      },
      {
        "extension": [
          {
            "url": "http://hl7.org/fhir/StructureDefinition/implementationguide-page",
            "valueUri": "ValueSet-CARIN-BB-Adjudication-Amount-Category.html"
          }
        ],
        "reference": {
          "reference": "ValueSet/CARIN-BB-Adjudication-Amount-Category",
          "display": "CARINBBAdjudicationAmountCategory"
        },
        "name": "CARINBBAdjudicationAmountCategory",
        "exampleBoolean": false
      },
      {
        "extension": [
          {
            "url": "http://hl7.org/fhir/StructureDefinition/implementationguide-page",
            "valueUri": "CodeSystem-CARIN-BB-Adjudication-Category.html"
          }
        ],
        "reference": {
          "reference": "CodeSystem/CARIN-BB-Adjudication-Category",
          "display": "CARINBBAdjudicationCategory"
        },
        "name": "CARINBBAdjudicationCategory",
        "exampleBoolean": false
      },
      {
        "extension": [
          {
            "url": "http://hl7.org/fhir/StructureDefinition/implementationguide-page",
            "valueUri": "ValueSet-CARIN-BB-Adjudication-Denial-Reason.html"
          }
        ],
        "reference": {
          "reference": "ValueSet/CARIN-BB-Adjudication-Denial-Reason",
          "display": "CARINBBAdjudicationDenialReason"
        },
        "name": "CARINBBAdjudicationDenialReason",
        "exampleBoolean": false
      },
      {
        "extension": [
          {
            "url": "http://hl7.org/fhir/StructureDefinition/implementationguide-page",
            "valueUri": "ValueSet-CARIN-BB-Network-Contracting-Status.html"
          }
        ],
        "reference": {
          "reference": "ValueSet/CARIN-BB-Network-Contracting-Status",
          "display": "CARINBBNetworkContractingStatus"
        },
        "name": "CARINBBNetworkContractingStatus",
        "exampleBoolean": false
      },
      {
        "extension": [
          {
            "url": "http://hl7.org/fhir/StructureDefinition/implementationguide-page",
            "valueUri": "CodeSystem-CARIN-BB-Network-Contracting-Status.html"
          }
        ],
        "reference": {
          "reference": "CodeSystem/CARIN-BB-Network-Contracting-Status",
          "display": "CARINBBNetworkContractingStatus"
        },
        "name": "CARINBBNetworkContractingStatus",
        "exampleBoolean": false
      },
      {
        "extension": [
          {
            "url": "http://hl7.org/fhir/StructureDefinition/implementationguide-page",
            "valueUri": "ValueSet-CARIN-BB-TypeOfService.html"
          }
        ],
        "reference": {
          "reference": "ValueSet/CARIN-BB-TypeOfService",
          "display": "CARINBBTypeOfService"
        },
        "name": "CARINBBTypeOfService",
        "exampleBoolean": false
      },
      {
        "extension": [
          {
            "url": "http://hl7.org/fhir/StructureDefinition/implementationguide-page",
            "valueUri": "ValueSet-CARIN-BB-TOB-TypeOfFacility.html"
          }
        ],
        "reference": {
          "reference": "ValueSet/CARIN-BB-TOB-TypeOfFacility",
          "display": "CARINBBTOBTypeOfFacility"
        },
        "name": "CARINBBTOBTypeOfFacility",
        "exampleBoolean": false
      },
      {
        "extension": [
          {
            "url": "http://hl7.org/fhir/StructureDefinition/implementationguide-page",
            "valueUri": "ValueSet-CARIN-BB-TOB-Frequency.html"
          }
        ],
        "reference": {
          "reference": "ValueSet/CARIN-BB-TOB-Frequency",
          "display": "CARINBBTOBFrequency"
        },
        "name": "CARINBBTOBFrequency",
        "exampleBoolean": false
      },
      {
        "extension": [
          {
            "url": "http://hl7.org/fhir/StructureDefinition/implementationguide-page",
            "valueUri": "ValueSet-CARIN-BB-TOB-BillClassification.html"
          }
        ],
        "reference": {
          "reference": "ValueSet/CARIN-BB-TOB-BillClassification",
          "display": "CARINBBTOBBillClassification"
        },
        "name": "CARINBBTOBBillClassification",
        "exampleBoolean": false
      },
      {
        "extension": [
          {
            "url": "http://hl7.org/fhir/StructureDefinition/implementationguide-page",
            "valueUri": "ValueSet-CARIN-BB-AdmitType.html"
          }
        ],
        "reference": {
          "reference": "ValueSet/CARIN-BB-AdmitType",
          "display": "CARINBBAdmitType"
        },
        "name": "CARINBBAdmitType",
        "exampleBoolean": false
      },
      {
        "extension": [
          {
            "url": "http://hl7.org/fhir/StructureDefinition/implementationguide-page",
            "valueUri": "ValueSet-CARIN-BB-AdmitSource.html"
          }
        ],
        "reference": {
          "reference": "ValueSet/CARIN-BB-AdmitSource",
          "display": "CARINBBAdmitSource"
        },
        "name": "CARINBBAdmitSource",
        "exampleBoolean": false
      },
      {
        "extension": [
          {
            "url": "http://hl7.org/fhir/StructureDefinition/implementationguide-page",
            "valueUri": "ValueSet-CARIN-BB-Discharge-Status.html"
          }
        ],
        "reference": {
          "reference": "ValueSet/CARIN-BB-Discharge-Status",
          "display": "CARINBBDischargeStatus"
        },
        "name": "CARINBBDischargeStatus",
        "exampleBoolean": false
      },
      {
        "extension": [
          {
            "url": "http://hl7.org/fhir/StructureDefinition/implementationguide-page",
            "valueUri": "ValueSet-CARIN-BB-MS-DRG.html"
          }
        ],
        "reference": {
          "reference": "ValueSet/CARIN-BB-MS-DRG",
          "display": "CARINBBMSDRG"
        },
        "name": "CARINBBMSDRG",
        "exampleBoolean": false
      },
      {
        "extension": [
          {
            "url": "http://hl7.org/fhir/StructureDefinition/implementationguide-page",
            "valueUri": "ValueSet-CARIN-BB-Claim-Information-Category.html"
          }
        ],
        "reference": {
          "reference": "ValueSet/CARIN-BB-Claim-Information-Category",
          "display": "CARINBBClaimInformationCategory"
        },
        "name": "CARINBBClaimInformationCategory",
        "exampleBoolean": false
      },
      {
        "extension": [
          {
            "url": "http://hl7.org/fhir/StructureDefinition/implementationguide-page",
            "valueUri": "StructureDefinition-CARIN-BB-ExplanationOfBenefit-Professional-NonClinician.html"
          }
        ],
        "reference": {
          "reference": "StructureDefinition/CARIN-BB-ExplanationOfBenefit-Professional-NonClinician",
          "display": "CARINBBExplanationOfBenefitProfessionalNonClinician"
        },
        "name": "CARINBBExplanationOfBenefitProfessionalNonClinician",
        "description": "eob professional non-clinician profile",
        "exampleBoolean": false
      },
      {
        "extension": [
          {
            "url": "http://hl7.org/fhir/StructureDefinition/implementationguide-page",
            "valueUri": "ValueSet-CARIN-BB-SNOMEDCT-ProcedureCodes.html"
          }
        ],
        "reference": {
          "reference": "ValueSet/CARIN-BB-SNOMEDCT-ProcedureCodes",
          "display": "CARINBBSNOMEDCTProcedureCodes"
        },
        "name": "CARINBBSNOMEDCTProcedureCodes",
        "exampleBoolean": false
      },
      {
        "extension": [
          {
            "url": "http://hl7.org/fhir/StructureDefinition/implementationguide-page",
            "valueUri": "ValueSet-CARIN-BB-CPT-HCPCS-ProcedureCodes.html"
          }
        ],
        "reference": {
          "reference": "ValueSet/CARIN-BB-CPT-HCPCS-ProcedureCodes",
          "display": "CARINBBCPTHCPCSProcedureCodes"
        },
        "name": "CARINBBCPTHCPCSProcedureCodes",
        "exampleBoolean": false
      },
      {
        "extension": [
          {
            "url": "http://hl7.org/fhir/StructureDefinition/implementationguide-page",
            "valueUri": "ValueSet-CARIN-BB-HCPCS-ModifierCodes.html"
          }
        ],
        "reference": {
          "reference": "ValueSet/CARIN-BB-HCPCS-ModifierCodes",
          "display": "CARINBBHCPCSModifierCodes"
        },
        "name": "CARINBBHCPCSModifierCodes",
        "exampleBoolean": false
      },
      {
        "extension": [
          {
            "url": "http://hl7.org/fhir/StructureDefinition/implementationguide-page",
            "valueUri": "ValueSet-CARIN-BB-Adjudication-Benefit-Payment-Status-Category.html"
          }
        ],
        "reference": {
          "reference": "ValueSet/CARIN-BB-Adjudication-Benefit-Payment-Status-Category",
          "display": "CARINBBAdjudicationBenefitPaymentStatusCategory"
        },
        "name": "CARINBBAdjudicationBenefitPaymentStatusCategory",
        "exampleBoolean": false
      },
      {
        "extension": [
          {
            "url": "http://hl7.org/fhir/StructureDefinition/implementationguide-page",
            "valueUri": "ValueSet-CARIN-BB-PlaceOfService.html"
          }
        ],
        "reference": {
          "reference": "ValueSet/CARIN-BB-PlaceOfService",
          "display": "CARINBBPlaceOfService"
        },
        "name": "CARINBBPlaceOfService",
        "exampleBoolean": false
      },
      {
        "extension": [
          {
            "url": "http://hl7.org/fhir/StructureDefinition/implementationguide-page",
            "valueUri": "ValueSet-CARIN-BB-Adjudication-Category.html"
          }
        ],
        "reference": {
          "reference": "ValueSet/CARIN-BB-Adjudication-Category",
          "display": "CARINBBAdjudicationCategory"
        },
        "name": "CARINBBAdjudicationCategory",
        "exampleBoolean": false
      },
      {
        "extension": [
          {
            "url": "http://hl7.org/fhir/StructureDefinition/implementationguide-page",
            "valueUri": "StructureDefinition-CARINBBPatient.html"
          }
        ],
        "reference": {
          "reference": "StructureDefinition/CARINBBPatient",
          "display": "CARINBBPatient"
        },
        "name": "CARINBBPatient",
        "description": "patient profile",
        "exampleBoolean": false
      }
    ],
    "page": {
      "nameUrl": "toc.md",
      "title": "Table of Contents",
      "generation": "generated",
      "page": [
        {
          "nameUrl": "Background.html",
          "title": "Background",
          "generation": "markdown"
        },
        {
          "nameUrl": "Use_Case.html",
          "title": "Use Case",
          "generation": "markdown"
        },
        {
          "nameUrl": "CARIN_Blue_Button_Framework_Specification.html",
          "title": "CARIN Blue Button Framework Specification",
          "generation": "markdown",
          "page": [
            {
              "nameUrl": "Common_Payer_Consumer_Data_Set_(CPCDS).html",
              "title": "Common Payer Consumer Data Set (CPCDS)",
              "generation": "markdown"
            },
            {
              "nameUrl": "Mapping_from_CPCDS_to_FHIR_Resources.html",
              "title": "Mapping from CPCDS to FHIR Resources",
              "generation": "markdown",
              "page": [
                {
                  "nameUrl": "Data_Element_Index.html",
                  "title": "Data Element Index",
                  "generation": "html"
                },
                {
                  "nameUrl": "Coverage_mapping.html",
                  "title": "Coverage mapping",
                  "generation": "html"
                },
                {
                  "nameUrl": "EOB_Comprehensive_mapping.html",
                  "title": "EOB Comprehensive mapping",
                  "generation": "html"
                },
                {
                  "nameUrl": "EOB_Inpatient_Facility_mapping.html",
                  "title": "EOB Inpatient Facility mapping",
                  "generation": "html"
                },
                {
                  "nameUrl": "EOB_Outpatient_Facility_mapping.html",
                  "title": "EOB Outpatient Facility mapping",
                  "generation": "html"
                },
                {
                  "nameUrl": "EOB_Professional_Non-Clinician_mapping.html",
                  "title": "EOB Professional Non-Clinician mapping",
                  "generation": "html"
                },
                {
                  "nameUrl": "EOB_Pharmacy_mapping.html",
                  "title": "EOB Pharmacy mapping",
                  "generation": "html"
                },
                {
                  "nameUrl": "Patient_mapping.html",
                  "title": "Patient mapping",
                  "generation": "html"
                }
              ]
            }
          ]
        },
        {
          "nameUrl": "Benefit_to_Health_Plans.html",
          "title": "Benefit to Health Plans",
          "generation": "markdown"
        },
        {
          "nameUrl": "Feedback.html",
          "title": "Feedback",
          "generation": "markdown"
        }
      ]
    }
  }
}