<?xml version="1.0" encoding="UTF-8"?>

<ValueSet xmlns="http://hl7.org/fhir">
  <id value="CARIN-BB-Claim-Type"/>
  <meta>
    <versionId value="3"/>
    <lastUpdated value="2019-07-27T05:26:59.000-04:00"/>
  </meta>
  <text>
    <status value="generated"/><div xmlns="http://www.w3.org/1999/xhtml"><h2>CARIN Blue Button Claim Type Value Set</h2><p>This value set includes codes from the following code systems:</p><ul><li>Include these codes as defined in <a href="CodeSystem-CARIN-BB-Claim-Type.html"><code>http://hl7.org/fhir/us/carin/CodeSystem/carin-bb-claim-type</code></a><table class="none"><tr><td style="white-space:nowrap"><b>Code</b></td><td><b>Display</b></td></tr><tr><td><a href="CodeSystem-CARIN-BB-Claim-Type.html#CARIN-BB-Claim-Type-inpatient-facility">inpatient-facility</a></td><td>Inpatient Facility</td><td/></tr><tr><td><a href="CodeSystem-CARIN-BB-Claim-Type.html#CARIN-BB-Claim-Type-outpatient-facility">outpatient-facility</a></td><td>Outpatient Facility</td><td/></tr><tr><td><a href="CodeSystem-CARIN-BB-Claim-Type.html#CARIN-BB-Claim-Type-professional-nonclinician">professional-nonclinician</a></td><td>Professional or Non-Clinician</td><td/></tr><tr><td><a href="CodeSystem-CARIN-BB-Claim-Type.html#CARIN-BB-Claim-Type-pharmacy">pharmacy</a></td><td>Pharmacy</td><td/></tr><tr><td><a href="CodeSystem-CARIN-BB-Claim-Type.html#CARIN-BB-Claim-Type-vision">vision</a></td><td>Vision</td><td/></tr><tr><td><a href="CodeSystem-CARIN-BB-Claim-Type.html#CARIN-BB-Claim-Type-oral">oral</a></td><td>Oral</td><td/></tr></table></li></ul></div>
  </text>
  <url value="http://hl7.org/fhir/us/carin/ValueSet/carin-bb-claim-type"/>
  <version value="0.1.60-DRAFT"/>
  <name value="CARINBBClaimType"/>
  <title value="CARIN Blue Button Claim Type Value Set"/>
  <status value="draft"/>
  <date value="2019-12-19T16:49:00-05:00"/>
  <compose>
    <include>
      <system value="http://hl7.org/fhir/us/carin/CodeSystem/carin-bb-claim-type"/>
      <version value="1.0.0"/>
      <concept>
        <code value="inpatient-facility"/>
        <display value="Inpatient Facility"/>
      </concept>
      <concept>
        <code value="outpatient-facility"/>
        <display value="Outpatient Facility"/>
      </concept>
      <concept>
        <code value="professional-nonclinician"/>
        <display value="Professional or Non-Clinician"/>
      </concept>
      <concept>
        <code value="pharmacy"/>
        <display value="Pharmacy"/>
      </concept>
      <concept>
        <code value="vision"/>
        <display value="Vision"/>
      </concept>
      <concept>
        <code value="oral"/>
        <display value="Oral"/>
      </concept>
    </include>
  </compose>
</ValueSet>