{
  "resourceType": "ValueSet",
  "id": "CARIN-BB-TOB-TypeOfFacility",
  "meta": {
    "versionId": "3",
    "lastUpdated": "2019-07-28T07:00:18.000-04:00"
  },
  "text": {
    "status": "generated",
    "div": "<div xmlns=\"http://www.w3.org/1999/xhtml\"><h2>CARIN Blue Button Type Of Bill (Type Of Facility) Value Set</h2><div><p>UB-04 Type of Bill (FL-4) structure - Type of facility</p>\n</div><p>This value set includes codes from the following code systems:</p><ul><li>Include all codes defined in <code>https://www.cms.gov/Medicare/CMS-Forms/CMS-Forms/CMS-Forms-Items/CMS1196256.html</code></li></ul></div>"
  },
  "url": "http://hl7.org/fhir/us/carin/ValueSet/carin-bb-tob-typeoffacility",
  "version": "0.1.57-DRAFT",
  "name": "CARINBBTOBTypeOfFacility",
  "title": "CARIN Blue Button Type Of Bill (Type Of Facility) Value Set",
  "status": "draft",
  "date": "2019-12-15T21:47:45-05:00",
  "description": "UB-04 Type of Bill (FL-4) structure - Type of facility\n",
  "compose": {
    "include": [
      {
        "system": "https://www.cms.gov/Medicare/CMS-Forms/CMS-Forms/CMS-Forms-Items/CMS1196256.html"
      }
    ]
  }
}