{
  "resourceType": "ValueSet",
  "id": "CARIN-BB-TOB-Frequency",
  "meta": {
    "versionId": "3",
    "lastUpdated": "2019-07-28T07:06:58.000-04:00"
  },
  "text": {
    "status": "generated",
    "div": "<div xmlns=\"http://www.w3.org/1999/xhtml\"><h2>CARIN Blue Button Type Of Bill (Frequency) Value Set</h2><div><p>UB-04 Type of Bill (FL-4) structure - Sequence in this episode of care</p>\n</div><p>This value set includes codes from the following code systems:</p><ul><li>Include all codes defined in <code>https://www.cms.gov/Medicare/CMS-Forms/CMS-Forms/CMS-Forms-Items/CMS1196256.html</code></li></ul></div>"
  },
  "url": "http://hl7.org/fhir/us/carin/ValueSet/carin-bb-tob-frequency",
  "version": "0.1.35",
  "name": "CARINBBTOBFrequency",
  "title": "CARIN Blue Button Type Of Bill (Frequency) Value Set",
  "status": "draft",
  "date": "2019-07-30T08:30:19-04:00",
  "description": "UB-04 Type of Bill (FL-4) structure - Sequence in this episode of care\n",
  "compose": {
    "include": [
      {
        "system": "https://www.cms.gov/Medicare/CMS-Forms/CMS-Forms/CMS-Forms-Items/CMS1196256.html"
      }
    ]
  }
}