<?xml version="1.0" encoding="UTF-8"?>

<ValueSet xmlns="http://hl7.org/fhir">
  <id value="CARIN-BB-Revenue-Center"/>
  <meta>
    <versionId value="3"/>
    <lastUpdated value="2019-07-28T07:01:28.000-04:00"/>
  </meta>
  <text>
    <status value="generated"/><div xmlns="http://www.w3.org/1999/xhtml"><h2>CARIN Blue Button Revenue Center Value Set</h2><div><p>UB-04 Revenue Code (FL-42), Revenue Description (FL-43)</p>
</div><p>This value set includes codes from the following code systems:</p><ul><li>Include all codes defined in <code>https://www.cms.gov/Medicare/CMS-Forms/CMS-Forms/CMS-Forms-Items/CMS1196256.html</code></li></ul></div>
  </text>
  <url value="http://hl7.org/fhir/us/carin/ValueSet/carin-bb-revenue-center"/>
  <version value="0.1.42-DRAFT"/>
  <name value="CARINBBRevenueCenter"/>
  <title value="CARIN Blue Button Revenue Center Value Set"/>
  <status value="draft"/>
  <date value="2019-12-02T04:50:03-05:00"/>
  <description value="UB-04 Revenue Code (FL-42), Revenue Description (FL-43)"/>
  <compose>
    <include>
      <system value="https://www.cms.gov/Medicare/CMS-Forms/CMS-Forms/CMS-Forms-Items/CMS1196256.html"/>
    </include>
  </compose>
</ValueSet>