<?xml version="1.0" encoding="UTF-8"?>

<ValueSet xmlns="http://hl7.org/fhir">
  <id value="CARIN-BB-Related-Claim-Relationship"/>
  <meta>
    <versionId value="2"/>
    <lastUpdated value="2019-07-27T07:01:18.000-04:00"/>
  </meta>
  <text>
    <status value="generated"/><div xmlns="http://www.w3.org/1999/xhtml"><h2>CARIN Blue Button Related Claim Relationship Value Set</h2><p>This value set includes codes from the following code systems:</p><ul><li>Include these codes as defined in <a href="CodeSystem-CARIN-BB-Related-Claim-Relationship.html"><code>http://hl7.org/fhir/us/carin/CodeSystem/carin-bb-relatedclaimrelationship</code></a><table class="none"><tr><td style="white-space:nowrap"><b>Code</b></td><td><b>Display</b></td></tr><tr><td><a href="CodeSystem-CARIN-BB-Related-Claim-Relationship.html#CARIN-BB-Related-Claim-Relationship-prior">prior</a></td><td>Prior claim</td><td/></tr><tr><td><a href="CodeSystem-CARIN-BB-Related-Claim-Relationship.html#CARIN-BB-Related-Claim-Relationship-replaced">replaced</a></td><td>Replaced claim</td><td/></tr></table></li></ul></div>
  </text>
  <url value="http://hl7.org/fhir/us/carin/ValueSet/carin-bb-relatedclaimrelationship"/>
  <version value="0.1.60-DRAFT"/>
  <name value="CARINBBRelatedClaimRelationship"/>
  <title value="CARIN Blue Button Related Claim Relationship Value Set"/>
  <status value="draft"/>
  <date value="2019-12-19T16:49:00-05:00"/>
  <compose>
    <include>
      <system value="http://hl7.org/fhir/us/carin/CodeSystem/carin-bb-relatedclaimrelationship"/>
      <version value="1.0.0"/>
      <concept>
        <code value="prior"/>
        <display value="Prior claim"/>
      </concept>
      <concept>
        <code value="replaced"/>
        <display value="Replaced claim"/>
      </concept>
    </include>
  </compose>
</ValueSet>