{
  "resourceType": "ValueSet",
  "id": "CARIN-BB-DiagnosisType",
  "meta": {
    "versionId": "3",
    "lastUpdated": "2019-07-27T15:20:51.000-04:00"
  },
  "text": {
    "status": "generated",
    "div": "<div xmlns=\"http://www.w3.org/1999/xhtml\"><h2>CARIN Blue Button Diagnosis Type Value Set</h2><p>This value set includes codes from the following code systems:</p><ul><li>Include these codes as defined in <code>http://snomed.info/sct/5991000124107/version/20170901</code><table class=\"none\"><tr><td style=\"white-space:nowrap\"><b>Code</b></td><td><b>Display</b></td></tr><tr><td>principal</td><td>principal</td><td/></tr><tr><td>secondary</td><td>secondary</td><td/></tr><tr><td>patient reason for visit</td><td>patient reason for visit</td><td/></tr><tr><td>external cause of injury</td><td>external cause of injury</td><td/></tr></table></li></ul></div>"
  },
  "url": "http://hl7.org/fhir/us/carin/ValueSet/carin-bb-diagnosistype",
  "version": "0.1.32",
  "name": "CARINBBDiagnosisType",
  "title": "CARIN Blue Button Diagnosis Type Value Set",
  "status": "draft",
  "date": "2019-07-28T23:13:21-04:00",
  "compose": {
    "include": [
      {
        "system": "http://snomed.info/sct/5991000124107/version/20170901",
        "concept": [
          {
            "code": "principal",
            "display": "principal"
          },
          {
            "code": "secondary",
            "display": "secondary"
          },
          {
            "code": "patient reason for visit",
            "display": "patient reason for visit"
          },
          {
            "code": "external cause of injury",
            "display": "external cause of injury"
          }
        ]
      }
    ]
  }
}