<?xml version="1.0" encoding="UTF-8"?>

<ValueSet xmlns="http://hl7.org/fhir">
  <id value="CARIN-BB-AdmitType"/>
  <meta>
    <versionId value="3"/>
    <lastUpdated value="2019-07-28T07:52:01.000-04:00"/>
  </meta>
  <text>
    <status value="generated"/><div xmlns="http://www.w3.org/1999/xhtml"><h2>CARIN Blue Button Admit Type Value Set</h2><div><p>UB-04 Type of Admission/Visit (FL-14)</p>
</div><p>This value set includes codes from the following code systems:</p><ul><li>Include all codes defined in <code>https://www.cms.gov/Medicare/CMS-Forms/CMS-Forms/CMS-Forms-Items/CMS1196256.html</code></li></ul></div>
  </text>
  <url value="http://hl7.org/fhir/us/carin/ValueSet/carin-bb-tob-admittype"/>
  <version value="0.1.43-DRAFT"/>
  <name value="CARINBBAdmitType"/>
  <title value="CARIN Blue Button Admit Type Value Set"/>
  <status value="draft"/>
  <date value="2019-12-08T06:42:37-05:00"/>
  <description value="UB-04 Type of Admission/Visit (FL-14)"/>
  <compose>
    <include>
      <system value="https://www.cms.gov/Medicare/CMS-Forms/CMS-Forms/CMS-Forms-Items/CMS1196256.html"/>
    </include>
  </compose>
</ValueSet>