{"resourceType":"CodeSystem","id":"CARIN-BB-Claim-Type","meta":{"versionId":"5","lastUpdated":"2019-12-01T14:02:14.000-05:00"},"text":{"status":"generated","div":"<div xmlns=\"http://www.w3.org/1999/xhtml\"><h2>CARIN Blue Button Claim Type Code System</h2><p>This code system http://hl7.org/fhir/us/carin/CodeSystem/carin-bb-claim-type defines the following codes:</p><table class=\"codes\"><tr><td style=\"white-space:nowrap\"><b>Code</b></td><td><b>Display</b></td><td><b>Definition</b></td></tr><tr><td style=\"white-space:nowrap\">inpatient-facility<a name=\"CARIN-BB-Claim-Type-inpatient-facility\"> </a></td><td>Inpatient Facility</td><td/></tr><tr><td style=\"white-space:nowrap\">outpatient-facility<a name=\"CARIN-BB-Claim-Type-outpatient-facility\"> </a></td><td>Outpatient Facility</td><td/></tr><tr><td style=\"white-space:nowrap\">professional-nonclinician<a name=\"CARIN-BB-Claim-Type-professional-nonclinician\"> </a></td><td>Professional or Non-Clinician</td><td/></tr><tr><td style=\"white-space:nowrap\">pharmacy<a name=\"CARIN-BB-Claim-Type-pharmacy\"> </a></td><td>Pharmacy</td><td/></tr><tr><td style=\"white-space:nowrap\">vision<a name=\"CARIN-BB-Claim-Type-vision\"> </a></td><td>Vision</td><td/></tr><tr><td style=\"white-space:nowrap\">oral<a name=\"CARIN-BB-Claim-Type-oral\"> </a></td><td>Oral</td><td/></tr></table></div>"},"url":"http://hl7.org/fhir/us/carin/CodeSystem/carin-bb-claim-type","version":"0.1.43-DRAFT","name":"CARINBBClaimType","title":"CARIN Blue Button Claim Type Code System","status":"draft","date":"2019-12-08T06:42:37-05:00","publisher":"CARIN Alliance","caseSensitive":true,"content":"complete","concept":[{"code":"inpatient-facility","display":"Inpatient Facility"},{"code":"outpatient-facility","display":"Outpatient Facility"},{"code":"professional-nonclinician","display":"Professional or Non-Clinician"},{"code":"pharmacy","display":"Pharmacy"},{"code":"vision","display":"Vision"},{"code":"oral","display":"Oral"}]}