{"resourceType":"ValueSet","id":"CARIN-BB-AdmitSource","meta":{"versionId":"3","lastUpdated":"2019-07-28T07:50:26.000-04:00"},"text":{"status":"generated","div":"<div xmlns=\"http://www.w3.org/1999/xhtml\"><h2>CARIN Blue Button Admit Source Value Set</h2><div><p>UB-04 Source of Admission code (FL-15)</p>\n</div><p>This value set includes codes from the following code systems:</p><ul><li>Include all codes defined in <code>https://www.cms.gov/Medicare/CMS-Forms/CMS-Forms/CMS-Forms-Items/CMS1196256.html</code></li></ul></div>"},"url":"http://hl7.org/fhir/us/carin/ValueSet/carin-bb-admitsource","version":"0.1.34","name":"CARINBBAdmitSource","title":"CARIN Blue Button Admit Source Value Set","status":"draft","date":"2019-07-30T01:39:13-04:00","description":"UB-04 Source of Admission code (FL-15)","compose":{"include":[{"system":"https://www.cms.gov/Medicare/CMS-Forms/CMS-Forms/CMS-Forms-Items/CMS1196256.html"}]}}