{"resourceType":"ValueSet","id":"CARIN-BB-Adjudication-Benefit-Payment-Status-Category","meta":{"versionId":"3","lastUpdated":"2019-07-28T03:03:00.000-04:00"},"text":{"status":"generated","div":"<div xmlns=\"http://www.w3.org/1999/xhtml\"><h2>CARIN Blue Button Adjudication Benefit Payment Status Category Value Set</h2><p>This value set includes codes from the following code systems:</p><ul><li>Include these codes as defined in <code>http://hl7.org/fhir/us/carin/CodeSystem/carin-bb-adjudicationCategory</code><table class=\"none\"><tr><td style=\"white-space:nowrap\"><b>Code</b></td><td><b>Display</b></td></tr><tr><td>innetworkbenefitpaymentstatus</td><td>in network benefit payment status</td><td/></tr><tr><td>outofnetworkbenefitpaymentstatus</td><td>out of network benefit payment status</td><td/></tr><tr><td>otherbenefitpaymentstatus</td><td>other benefit payment status</td><td/></tr></table></li></ul></div>"},"url":"http://hl7.org/fhir/us/carin/ValueSet/carin-bb-adjudicationbenefitpaymentstatuscategory","version":"0.1.35","name":"CARINBBAdjudicationBenefitPaymentStatusCategory","title":"CARIN Blue Button Adjudication Benefit Payment Status Category Value Set","status":"draft","date":"2019-07-30T08:30:19-04:00","compose":{"include":[{"system":"http://hl7.org/fhir/us/carin/CodeSystem/carin-bb-adjudicationCategory","concept":[{"code":"innetworkbenefitpaymentstatus","display":"in network benefit payment status"},{"code":"outofnetworkbenefitpaymentstatus","display":"out of network benefit payment status"},{"code":"otherbenefitpaymentstatus","display":"other benefit payment status"}]}]}}