{
  "resourceType": "SearchParameter",
  "id": "carin-bb-coverage-patient-sp",
  "meta": {
    "versionId": "2",
    "lastUpdated": "2019-12-15T13:27:32.000-05:00"
  },
  "text": {
    "status": "generated",
    "div": "<div xmlns=\"http://www.w3.org/1999/xhtml\"><h2>SearchParameter: CARINBlueButtonCoveragePatientSP</h2><p><b> description</b> : Retrieve coverages for a patient\r\n         </p></div>"
  },
  "extension": [
    {
      "url": "http://hl7.org/fhir/StructureDefinition/structuredefinition-standards-status",
      "valueCode": "trial-use"
    }
  ],
  "url": "http://hl7.org/fhir/us/carin/SearchParameter/carin-bb-coverage-patient-sp",
  "version": "0.1.57-DRAFT",
  "name": "CARINBlueButtonCoveragePatientSP",
  "derivedFrom": "http://hl7.org/fhir/SearchParameter/Coverage-patient-sp",
  "status": "active",
  "experimental": false,
  "date": "2019-12-01T04:48:45-05:00",
  "publisher": "HL7 International & CARIN Alliance",
  "contact": [
    {
      "telecom": [
        {
          "system": "url",
          "value": "https://www.carinalliance.com/about-us/contact-us"
        }
      ]
    }
  ],
  "description": "Retrieve coverages for a patient",
  "jurisdiction": [
    {
      "coding": [
        {
          "system": "urn:iso:std:iso:3166",
          "code": "US",
          "display": "United States of America"
        }
      ]
    }
  ],
  "code": "patient",
  "base": [
    "Coverage"
  ],
  "type": "reference",
  "expression": "Coverage.beneficiary",
  "xpath": "f:Coverage/f:beneficiary",
  "xpathUsage": "normal",
  "target": [
    "Patient"
  ]
}