{
  "resourceType": "ValueSet",
  "id": "CARIN-BB-Claim-Type",
  "meta": {
    "versionId": "3",
    "lastUpdated": "2019-07-27T05:26:59.000-04:00"
  },
  "text": {
    "status": "generated",
    "div": "<div xmlns=\"http://www.w3.org/1999/xhtml\"><h2>CARIN Blue Button Claim Type Value Set</h2><p>This value set includes codes from the following code systems:</p><ul><li>Include these codes as defined in <a href=\"CodeSystem-CARIN-BB-Claim-Type.html\"><code>http://hl7.org/fhir/us/carin/CodeSystem/carin-bb-claim-type</code></a><table class=\"none\"><tr><td style=\"white-space:nowrap\"><b>Code</b></td><td><b>Display</b></td></tr><tr><td><a href=\"CodeSystem-CARIN-BB-Claim-Type.html#CARIN-BB-Claim-Type-inpatient-facility\">inpatient-facility</a></td><td>Inpatient Facility</td><td/></tr><tr><td><a href=\"CodeSystem-CARIN-BB-Claim-Type.html#CARIN-BB-Claim-Type-outpatient-facility\">outpatient-facility</a></td><td>Outpatient Facility</td><td/></tr><tr><td><a href=\"CodeSystem-CARIN-BB-Claim-Type.html#CARIN-BB-Claim-Type-professional-nonclinician\">professional-nonclinician</a></td><td>Professional or Non-Clinician</td><td/></tr><tr><td><a href=\"CodeSystem-CARIN-BB-Claim-Type.html#CARIN-BB-Claim-Type-pharmacy\">pharmacy</a></td><td>Pharmacy</td><td/></tr><tr><td><a href=\"CodeSystem-CARIN-BB-Claim-Type.html#CARIN-BB-Claim-Type-vision\">vision</a></td><td>Vision</td><td/></tr><tr><td><a href=\"CodeSystem-CARIN-BB-Claim-Type.html#CARIN-BB-Claim-Type-oral\">oral</a></td><td>Oral</td><td/></tr></table></li></ul></div>"
  },
  "url": "http://hl7.org/fhir/us/carin/ValueSet/carin-bb-claim-type",
  "version": "0.1.42-DRAFT",
  "name": "CARINBBClaimType",
  "title": "CARIN Blue Button Claim Type Value Set",
  "status": "draft",
  "date": "2019-12-02T05:44:40-05:00",
  "compose": {
    "include": [
      {
        "system": "http://hl7.org/fhir/us/carin/CodeSystem/carin-bb-claim-type",
        "version": "1.0.0",
        "concept": [
          {
            "code": "inpatient-facility",
            "display": "Inpatient Facility"
          },
          {
            "code": "outpatient-facility",
            "display": "Outpatient Facility"
          },
          {
            "code": "professional-nonclinician",
            "display": "Professional or Non-Clinician"
          },
          {
            "code": "pharmacy",
            "display": "Pharmacy"
          },
          {
            "code": "vision",
            "display": "Vision"
          },
          {
            "code": "oral",
            "display": "Oral"
          }
        ]
      }
    ]
  }
}