{
  "resourceType": "ValueSet",
  "id": "CARIN-BB-Related-Claim-Relationship",
  "meta": {
    "versionId": "2",
    "lastUpdated": "2019-07-27T07:01:18.000-04:00"
  },
  "text": {
    "status": "generated",
    "div": "<div xmlns=\"http://www.w3.org/1999/xhtml\"><h2>CARIN Blue Button Related Claim Relationship Value Set</h2><p>This value set includes codes from the following code systems:</p><ul><li>Include these codes as defined in <a href=\"CodeSystem-CARIN-BB-Related-Claim-Relationship.html\"><code>http://hl7.org/fhir/us/carin/CodeSystem/carin-bb-relatedclaimrelationship</code></a><table class=\"none\"><tr><td style=\"white-space:nowrap\"><b>Code</b></td><td><b>Display</b></td></tr><tr><td><a href=\"CodeSystem-CARIN-BB-Related-Claim-Relationship.html#CARIN-BB-Related-Claim-Relationship-prior\">prior</a></td><td>Prior claim</td><td/></tr><tr><td><a href=\"CodeSystem-CARIN-BB-Related-Claim-Relationship.html#CARIN-BB-Related-Claim-Relationship-replaced\">replaced</a></td><td>Replaced claim</td><td/></tr></table></li></ul></div>"
  },
  "url": "http://hl7.org/fhir/us/carin/ValueSet/carin-bb-relatedclaimrelationship",
  "version": "0.1.42-DRAFT",
  "name": "CARINBBRelatedClaimRelationship",
  "title": "CARIN Blue Button Related Claim Relationship Value Set",
  "status": "draft",
  "date": "2019-12-02T05:44:40-05:00",
  "compose": {
    "include": [
      {
        "system": "http://hl7.org/fhir/us/carin/CodeSystem/carin-bb-relatedclaimrelationship",
        "version": "1.0.0",
        "concept": [
          {
            "code": "prior",
            "display": "Prior claim"
          },
          {
            "code": "replaced",
            "display": "Replaced claim"
          }
        ]
      }
    ]
  }
}